date,obs,pred
2015-11-06,0.27430339351517574,21.033289
2015-11-07,0.13715131153788462,19.30756
2015-11-08,0.0,15.049948
2015-11-09,0.0,13.543308
2015-11-10,0.0,11.321825
2015-11-11,0.0,8.513615
2015-11-12,0.13715131153788462,5.3041267
2015-11-13,0.13715131153788462,7.37957
2015-11-14,0.13715131153788462,9.359791
2015-11-15,0.13715131153788462,0.0
2015-11-16,0.13715131153788462,0.0
2015-11-17,0.0,15.143848
2015-11-18,0.0,32.484276
2015-11-19,0.0,16.057484
2015-11-20,0.0,14.596853
2015-11-21,0.0,8.568916
2015-11-22,0.0,6.4019966
2015-11-23,0.0,7.437725
2015-11-24,0.0,8.979364
2015-11-25,0.0,12.081173
2015-11-26,0.13715131153788462,13.578142
2015-11-27,0.13715131153788462,10.158543
2015-11-28,0.0,9.741512
2015-11-29,0.0,8.905575
2015-11-30,0.0,3.4150963
2015-12-01,0.0,1.900547
2015-12-02,0.0,1.9526253
2015-12-03,0.0,5.071808
2015-12-04,0.0,7.812847
2015-12-05,0.0,7.083912
2015-12-06,0.0,4.558323
2015-12-07,0.0,6.712509
2015-12-08,0.0,7.288826
2015-12-09,0.0,8.995729
2015-12-10,0.0,8.671495
2015-12-11,0.0,9.1979065
2015-12-12,0.0,2.233757
2015-12-13,0.0,12.355938
2015-12-14,0.0,10.786871
2015-12-15,0.0,6.3677635
2015-12-16,0.0,0.26523972
2015-12-17,0.0,1.2652664
2015-12-18,0.0,2.1382294
2015-12-19,0.0,5.149124
2015-12-20,0.0,8.556833
2015-12-21,0.0,8.464842
2015-12-22,0.0,4.480461
2015-12-23,0.0,1.3696175
2015-12-24,0.0,13.079634
2015-12-25,0.0,11.965593
2015-12-26,0.0,1.3498421
2015-12-27,0.0,6.0116806
2015-12-28,0.0,4.430168
2015-12-29,0.0,2.5103493
2015-12-30,0.0,0.0
2015-12-31,0.0,0.0
2016-01-01,0.0,1.0217667
2016-01-02,0.0,1.8599854
2016-01-03,0.0,1.400486
2016-01-04,0.0,2.5223541
2016-01-05,0.0,8.0424385
2016-01-06,0.0,6.0600243
2016-01-07,0.0,4.699856
2016-01-08,0.0,11.722195
2016-01-09,0.0,13.811405
2016-01-10,0.0,4.6447067
2016-01-11,0.0,0.6746559
2016-01-12,0.0,0.0
2016-01-13,0.0,1.2368698
2016-01-14,0.0,2.8600235
2016-01-15,0.0,2.6614532
2016-01-16,0.0,5.7831345
2016-01-17,0.0,6.5824547
2016-01-18,0.0,5.855709
2016-01-19,0.0,9.982822
2016-01-20,0.0,11.109543
2016-01-21,0.0,4.1832542
2016-01-22,0.0,7.8101845
2016-01-23,0.0,8.345072
2016-01-24,0.0,9.43865
2016-01-25,0.0,4.3820686
2016-01-26,0.0,1.8812447
2016-01-27,0.0,4.2928925
2016-01-28,0.0,6.3105392
2016-01-29,0.0,8.246315
2016-01-30,0.0,11.441071
2016-01-31,0.0,11.943565
2016-02-01,0.0,8.546658
2016-02-02,0.0,11.171442
2016-02-03,0.0,2.7091599
2016-02-04,0.0,0.0
2016-02-05,0.0,0.9312134
2016-02-06,0.0,1.0494537
2016-02-07,0.0,6.8197823
2016-02-08,0.0,7.8563423
2016-02-09,0.0,9.6221485
2016-02-10,0.0,9.550667
2016-02-11,0.0,9.532095
2016-02-12,0.0,10.426929
2016-02-13,0.0,10.253252
2016-02-14,0.0,9.687735
2016-02-15,0.0,11.66704
2016-02-16,14.263761054000941,11.933582
2016-02-17,80.91942019083878,11.250992
2016-02-18,51.43183042723824,13.2924385
2016-02-19,34.150735896767415,13.211306
2016-02-20,28.11606894382764,11.942638
2016-02-21,18.926914891561875,11.128538
2016-02-22,14.126607431144848,9.833313
2016-02-23,24.13867551615315,7.168091
2016-02-24,25.921641795706243,7.328697
2016-02-25,24.82442822164555,8.511103
2016-02-26,20.29842800694072,9.399767
2016-02-27,14.126607431144848,10.592131
2016-02-28,11.795034364561403,11.58906
2016-02-29,7.40618777271267,11.029978
2016-03-01,4.114547050530582,12.324514
2016-03-02,1.7829739839471443,12.548222
2016-03-03,0.685758098568229,12.299799
2016-03-04,0.27430339351517574,13.131796
2016-03-05,0.13715131153788462,12.978865
2016-03-06,0.0,16.068018
2016-03-07,0.0,12.248192
2016-03-08,0.0,10.505508
2016-03-09,0.0,8.756283
2016-03-10,0.0,11.259346
2016-03-11,0.0,11.166918
2016-03-12,0.0,11.737701
2016-03-13,0.0,11.705048
2016-03-14,0.0,14.995928
2016-03-15,0.0,13.990419
2016-03-16,0.0,11.23234
2016-03-17,0.0,10.426922
2016-03-18,0.0,11.814791
2016-03-19,0.0,10.586296
2016-03-20,0.0,10.899559
2016-03-21,0.0,11.9464245
2016-03-22,0.0,14.283667
2016-03-23,0.0,9.949163
2016-03-24,0.0,9.387949
2016-03-25,0.0,9.990816
2016-03-26,0.0,10.474859
2016-03-27,0.0,7.4721603
2016-03-28,0.0,12.239162
2016-03-29,0.0,14.784733
2016-03-30,0.0,9.468115
2016-03-31,0.0,7.376522
2016-04-01,0.0,11.298746
2016-04-02,0.0,10.77487
2016-04-03,0.0,12.680393
2016-04-04,0.0,12.831472
2016-04-05,0.0,14.204189
2016-04-06,0.0,12.067213
2016-04-07,0.0,11.296864
2016-04-08,0.13715131153788462,7.1052246
2016-04-09,0.13715131153788462,32.92087
2016-04-10,0.0,38.592438
2016-04-11,0.0,29.52066
2016-04-12,0.13715131153788462,23.291386
2016-04-13,0.0,26.291145
2016-04-14,0.0,26.811216
2016-04-15,0.0,21.328104
2016-04-16,0.0,10.755112
2016-04-17,0.0,20.548527
2016-04-18,0.0,32.9091
2016-04-19,0.0,44.07139
2016-04-20,0.0,38.375744
2016-04-21,0.0,25.504568
2016-04-22,1.5086667382349432,21.776102
2016-04-23,9.874914462152208,20.70294
2016-04-24,3.2916407221820876,16.157148
2016-04-25,0.41145470505306037,16.17784
2016-04-26,0.0,12.501892
2016-04-27,0.0,14.73807
2016-04-28,0.0,16.0706
2016-04-29,0.9600599512045989,9.468359
2016-04-30,8.503393642379315,3.3177185
2016-05-01,6.446120117114027,0.0
2016-05-02,5.348914247447375,2.737091
2016-05-03,5.348914247447375,117.196686
2016-05-04,5.76036741162163,109.55194
2016-05-05,1.9201199024091906,73.43059
2016-05-06,0.13715131153788462,45.172703
2016-05-07,0.0,26.172958
2016-05-08,0.0,20.755169
2016-05-09,0.0,20.765959
2016-05-10,0.0,20.609001
2016-05-11,0.0,20.470884
2016-05-12,0.41145470505306037,18.86709
2016-05-13,2.0572735252652947,19.010757
2016-05-14,0.8229063283484948,18.291061
2016-05-15,0.13715131153788462,17.264406
2016-05-16,0.0,12.128407
2016-05-17,0.13715131153788462,9.683874
2016-05-18,0.9600599512045989,22.862225
2016-05-19,5.211760624591278,33.63156
2016-05-20,12.755094315766002,35.63434
2016-05-21,10.149214003470362,26.436111
2016-05-22,4.52600021470483,20.272142
2016-05-23,1.5086667382349432,17.16852
2016-05-24,0.0,16.314669
2016-05-25,0.0,16.42409
2016-05-26,0.0,16.612158
2016-05-27,0.0,16.67231
2016-05-28,0.0,17.443222
2016-05-29,0.0,18.495346
2016-05-30,0.0,16.623022
2016-05-31,0.0,15.687302
2016-06-01,0.0,15.660938
2016-06-02,0.0,25.34917
2016-06-03,0.0,20.491682
2016-06-04,0.0,12.144831
2016-06-05,0.0,7.0497932
2016-06-06,0.0,14.014446
2016-06-07,0.0,9.804556
2016-06-08,0.0,3.7831116
2016-06-09,0.0,5.772217
2016-06-10,0.0,2.6150322
2016-06-11,0.0,3.1711845
2016-06-12,0.0,4.8657036
2016-06-13,0.0,3.4695358
2016-06-14,0.0,3.314766
2016-06-15,0.0,8.4344425
2016-06-16,0.0,7.3629265
2016-06-17,0.0,6.310478
2016-06-18,0.0,4.7973633
2016-06-19,0.0,5.2554092
2016-06-20,0.0,0.86619186
2016-06-21,0.0,0.2904091
2016-06-22,0.0,0.49259186
2016-06-23,0.0,0.0
2016-06-24,0.0,9.663235
2016-06-25,0.0,5.8513527
2016-06-26,0.0,2.3655434
2016-06-27,0.0,3.9702072
2016-06-28,0.0,5.5342445
2016-06-29,0.0,3.02034
2016-06-30,0.0,2.5803566
2016-07-01,0.0,8.388304
2016-07-02,0.0,39.61572
2016-07-03,0.0,41.103607
2016-07-04,0.0,23.772911
2016-07-05,0.0,9.88032
2016-07-06,0.0,3.641388
2016-07-07,0.0,1.4180412
2016-07-08,0.0,1.4881325
2016-07-09,0.0,0.4389763
2016-07-10,0.0,0.821228
2016-07-11,0.0,0.0
2016-07-12,0.0,0.0
2016-07-13,0.0,0.49964523
2016-07-14,0.0,0.085819244
2016-07-15,0.0,0.0
2016-07-16,0.0,0.0
2016-07-17,0.0,0.0
2016-07-18,0.0,0.0
2016-07-19,0.0,3.681694
2016-07-20,0.0,16.695356
2016-07-21,0.0,15.284597
2016-07-22,0.0,9.61953
2016-07-23,0.0,2.8014297
2016-07-24,0.0,3.2897224
2016-07-25,0.0,18.61244
2016-07-26,0.0,28.305866
2016-07-27,0.0,44.260227
2016-07-28,0.0,42.358685
2016-07-29,0.0,19.664978
2016-07-30,0.0,20.749325
2016-07-31,0.0,28.865955
2016-08-01,0.0,27.219604
2016-08-02,0.0,40.589603
2016-08-03,0.0,47.088383
2016-08-04,0.0,63.50238
2016-08-05,0.0,91.09909
2016-08-06,0.0,118.751526
2016-08-07,0.0,126.81326
2016-08-08,92.98875409671832,125.807236
2016-08-09,202.98430318258937,93.16162
2016-08-10,234.52915876706112,92.90103
2016-08-11,81.46802697786912,65.13138
2016-08-12,4.114547050530582,63.7613
2016-08-13,0.13715131153788462,40.549385
2016-08-14,0.13715131153788462,22.180428
2016-08-15,0.0,17.185022
2016-08-16,0.0,8.300554
2016-08-17,9.189154052265764,3.4455452
2016-08-18,18.378308104531524,7.6330986
2016-08-19,4.388846591848733,28.419472
2016-08-20,2.0572735252652947,39.891335
2016-08-21,0.13715131153788462,39.282585
2016-08-22,0.0,55.944267
2016-08-23,30.85910287897937,63.018448
2016-08-24,3.8402398048183812,78.705345
2016-08-25,18.241154481675427,73.65485
2016-08-26,198.8697561320588,65.50079
2016-08-27,85.85687356971785,47.069626
2016-08-28,54.17486436238998,35.564583
2016-08-29,24.13867551615315,33.718758
2016-08-30,107.52682239643148,25.604542
2016-08-31,47.45443699956376,18.785385
2016-09-01,10.972128036212908,11.84635
2016-09-02,2.1944271481213917,7.1444283
2016-09-03,0.27430339351517574,14.485651
2016-09-04,0.0,16.212564
2016-09-05,0.0,8.8506775
2016-09-06,0.0,4.289627
2016-09-07,4.800307460417031,12.845125
2016-09-08,15.08666738234944,24.211823
2016-09-09,6.446120117114027,17.221043
2016-09-10,1.6458203610910402,8.160263
2016-09-11,0.41145470505306037,5.8122635
2016-09-12,0.27430339351517574,16.302614
2016-09-13,0.0,26.927017
2016-09-14,0.0,25.864384
2016-09-15,24.001521893297053,16.080973
2016-09-16,38.5395901930102,14.211319
2016-09-17,7.817640936886917,13.497564
2016-09-18,3.9773934276744853,12.444807
2016-09-19,4.663153837560934,11.979647
2016-09-20,3.9773934276744853,11.360146
2016-09-21,2.1944271481213917,8.897177
2016-09-22,11.383581200387155,20.867765
2016-09-23,3.428786640644134,33.993942
2016-09-24,1.6458203610910402,41.23745
2016-09-25,153.60973857622233,36.98022
2016-09-26,62.40395846345115,26.272842
2016-09-27,22.21855561374396,21.79792
2016-09-28,13.440854725652446,18.083776
2016-09-29,6.308974198651974,39.07635
2016-09-30,5.211760624591278,86.68667
2016-10-01,7.269034149856573,184.27202
2016-10-02,0.8229063283484948,168.0511
2016-10-03,0.13715131153788462,113.5751
2016-10-04,0.0,66.70613
2016-10-05,0.0,42.343365
2016-10-06,0.0,25.432251
2016-10-07,0.0,17.10097
2016-10-08,0.0,12.215147
2016-10-09,0.0,31.2032
2016-10-10,0.0,53.256115
2016-10-11,19.47552167859222,50.614983
2016-10-12,14.126607431144848,32.06477
2016-10-13,3.0173334764698865,21.83549
2016-10-14,0.41145470505306037,16.745556
2016-10-15,0.13715131153788462,15.696138
2016-10-16,0.13715131153788462,14.144754
2016-10-17,0.13715131153788462,15.041328
2016-10-18,0.13715131153788462,11.747152
2016-10-19,0.13715131153788462,10.584801
2016-10-20,0.13715131153788462,8.716429
2016-10-21,0.13715131153788462,9.623522
2016-10-22,0.13715131153788462,11.675138
2016-10-23,0.13715131153788462,14.336857
2016-10-24,0.13715131153788462,12.640806
2016-10-25,0.13715131153788462,19.865555
2016-10-26,0.13715131153788462,19.914305
2016-10-27,0.13715131153788462,17.756933
2016-10-28,0.13715131153788462,17.104473
2016-10-29,0.13715131153788462,15.420263
2016-10-30,0.13715131153788462,14.305197
2016-10-31,0.13715131153788462,15.266121
2016-11-01,0.13715131153788462,14.053125
2016-11-02,0.13715131153788462,10.503307
2016-11-03,0.13715131153788462,13.229763
2016-11-04,26.60740220559269,54.017838
2016-11-05,73.7875396638383,149.86656
2016-11-06,403.225572430027,498.42163
2016-11-07,245.50127909887996,552.845
2016-11-08,233.15764565168223,497.8605
2016-11-09,55.272077936450685,234.729
2016-11-10,31.54485558447177,104.840485
2016-11-11,16.321034579266236,80.879715
2016-11-12,8.640547265235412,48.301044
2016-11-13,3.0173334764698865,34.361454
2016-11-14,0.9600599512045989,24.127394
2016-11-15,0.41145470505306037,18.885635
2016-11-16,0.27430339351517574,16.93029
2016-11-17,0.13715131153788462,14.997208
2016-11-18,0.13715131153788462,7.827297
2016-11-19,0.13715131153788462,11.289021
2016-11-20,0.13715131153788462,12.573851
2016-11-21,0.13715131153788462,7.485939
2016-11-22,0.13715131153788462,31.702494
2016-11-23,0.13715131153788462,35.341736
2016-11-24,0.13715131153788462,27.080162
2016-11-25,0.13715131153788462,18.76771
2016-11-26,0.13715131153788462,15.0047035
2016-11-27,2.605880312295639,12.203758
2016-11-28,4.52600021470483,12.074921
2016-11-29,1.5086667382349432,15.455261
2016-11-30,0.548606016590945,7.453583
2016-12-01,0.27430339351517574,5.8930817
2016-12-02,0.13715131153788462,8.053972
2016-12-03,0.13715131153788462,9.732464
2016-12-04,0.13715131153788462,6.8631325
2016-12-05,0.13715131153788462,10.267054
2016-12-06,0.13715131153788462,12.590109
2016-12-07,0.13715131153788462,11.119183
2016-12-08,0.13715131153788462,8.246592
2016-12-09,0.13715131153788462,11.06748
2016-12-10,0.0,11.929901
2016-12-11,0.0,15.002838
2016-12-12,0.0,13.154762
2016-12-13,0.0,15.063801
2016-12-14,0.0,16.565886
2016-12-15,0.0,15.017031
2016-12-16,0.0,0.0
2016-12-17,0.0,25.469177
2016-12-18,0.0,33.521416
2016-12-19,0.0,30.048569
2016-12-20,0.0,18.850155
2016-12-21,0.0,15.605913
2016-12-22,0.0,0.0
2016-12-23,0.0,63.80793
2016-12-24,0.0,309.75815
2016-12-25,0.0,267.4044
2016-12-26,0.0,124.898544
2016-12-27,0.27430339351517574,91.50946
2016-12-28,0.13715131153788462,63.27863
2016-12-29,0.13715131153788462,40.97792
2016-12-30,0.27430339351517574,26.444546
2017-01-01,0.13715131153788462,23.564844
2017-01-02,0.13715131153788462,26.420677
2017-01-03,0.13715131153788462,26.917805
2017-01-04,0.13715131153788462,22.645227
2017-01-05,0.0,19.608946
2017-01-06,0.0,20.74855
2017-01-07,0.0,19.134678
2017-01-08,0.0,19.115597
2017-01-09,0.0,18.98551
2017-01-10,0.0,23.400948
2017-01-11,0.0,22.987463
2017-01-12,0.0,18.619772
2017-01-13,0.0,18.340878
2017-01-14,0.0,5.0581017
2017-01-15,3.8402398048183812,32.979324
2017-01-16,34.56218906094166,0.0
2017-01-17,34.150735896767415,162.59921
2017-01-18,21.121342039683267,248.39801
2017-01-19,34.425043142479616,153.82152
2017-01-20,35.11079584797201,177.38794
2017-01-21,32.916376404244666,139.88391
2017-01-22,30.85910287897937,93.89634
2017-01-23,26.333094959880498,103.94359
2017-01-24,19.201214432880025,75.30412
2017-01-25,13.440854725652446,54.29576
2017-01-26,4.388846591848733,36.761642
2017-01-27,2.8801798536137895,20.267208
2017-01-28,3.703093886356335,14.628628
2017-01-29,0.685758098568229,14.5812435
2017-01-30,0.685758098568229,15.308136
2017-01-31,0.548606016590945,16.629213
2017-02-01,0.8229063283484948,17.850073
2017-02-02,0.41145470505306037,17.08407
2017-02-03,0.27430339351517574,17.69179
2017-02-04,0.27430339351517574,15.862936
2017-02-05,0.548606016590945,16.688559
2017-02-06,0.548606016590945,17.432081
2017-02-07,0.27430339351517574,19.462332
2017-02-08,0.27430339351517574,20.253937
2017-02-09,0.13715131153788462,18.773542
2017-02-10,0.13715131153788462,18.880962
2017-02-11,0.13715131153788462,18.481829
2017-02-12,0.13715131153788462,0.0
2017-02-13,0.13715131153788462,16.847807
2017-02-14,0.13715131153788462,29.771221
2017-02-15,0.13715131153788462,58.551544
2017-02-16,0.13715131153788462,34.690674
2017-02-17,0.13715131153788462,26.286093
2017-02-18,0.8229063283484948,22.236311
2017-02-19,0.9600599512045989,24.14758
2017-02-20,0.685758098568229,26.109116
2017-02-21,3.2916407221820876,24.31136
2017-02-22,4.52600021470483,22.4494
2017-02-23,1.0972135740606959,17.923082
2017-02-24,0.13715131153788462,14.262346
2017-02-25,0.0,13.073746
2017-02-26,0.0,16.21524
2017-02-27,0.0,14.447596
2017-02-28,0.0,20.485924
2017-03-01,0.0,26.129364
2017-03-02,0.0,25.642311
2017-03-03,0.0,20.438517
2017-03-04,0.0,19.897165
2017-03-05,0.0,19.605675
2017-03-06,0.0,17.611382
2017-03-07,0.0,15.525438
2017-03-08,0.0,17.740105
2017-03-09,0.0,17.56028
2017-03-10,0.0,17.25068
2017-03-11,0.0,17.514091
2017-03-12,0.0,16.314007
2017-03-13,0.0,16.686626
2017-03-14,0.0,16.97264
2017-03-15,0.0,16.652174
2017-03-16,0.0,17.863827
2017-03-17,0.0,18.066502
2017-03-18,0.0,18.771845
2017-03-19,0.0,19.126411
2017-03-20,0.0,18.522535
2017-03-21,0.0,18.8362
2017-03-22,0.0,19.054277
2017-03-23,0.0,14.009985
2017-03-24,0.0,26.031532
2017-03-25,0.0,26.829733
2017-03-26,0.0,27.32114
2017-03-27,0.0,22.091854
2017-03-28,0.0,16.807133
2017-03-29,0.0,29.781717
2017-03-30,0.0,35.059185
2017-03-31,0.0,27.422497
2017-04-01,0.0,14.60317
2017-04-02,0.0,27.805717
2017-04-03,0.0,33.964188
2017-04-04,0.0,29.92832
2017-04-05,0.548606016590945,28.448772
2017-04-06,2.468726689439542,25.245403
2017-04-07,2.8801798536137895,21.615894
2017-04-08,2.605880312295639,21.29107
2017-04-09,1.6458203610910402,19.014532
2017-04-10,6.308974198651974,15.965157
2017-04-11,5.211760624591278,17.479362
2017-04-12,4.937453378879084,19.120207
2017-04-13,4.251700673386679,19.096474
2017-04-14,3.2916407221820876,19.708162
2017-04-15,4.937453378879084,19.09412
2017-04-16,3.8402398048183812,17.816444
2017-04-17,1.2343671969167929,18.941765
2017-04-18,0.548606016590945,20.092287
2017-04-19,0.27430339351517574,19.781286
2017-04-20,0.27430339351517574,18.293535
2017-04-21,11.520727118849198,18.844812
2017-04-22,15.635274169379787,17.331047
2017-04-23,20.29842800694072,18.84034
2017-04-24,32.09346237150213,20.33947
2017-04-25,41.83122321079824,13.000971
2017-04-26,46.22007750704102,30.980595
2017-04-27,42.65413724354079,38.393974
2017-04-28,42.51698362068469,22.264414
2017-04-29,48.003043786594105,22.33184
2017-04-30,44.98571031012423,43.236843
2017-05-01,33.32782956841891,34.853924
2017-05-02,19.88697484276647,27.513506
2017-05-03,14.400914676857045,23.544508
2017-05-04,12.755094315766002,20.72417
2017-05-05,8.777700888091516,21.126945
2017-05-06,2.743033935151736,19.57748
2017-05-07,0.9600599512045989,15.876726
2017-05-08,0.27430339351517574,14.683996
2017-05-09,0.13715131153788462,15.638533
2017-05-10,6.583273739970124,17.426167
2017-05-11,21.80709474517566,36.29634
2017-05-12,28.11606894382764,45.0365
2017-05-13,40.596863718275486,36.014732
2017-05-14,47.72874424527596,24.863264
2017-05-15,41.14546280091179,19.248304
2017-05-16,24.96158184450165,14.72246
2017-05-17,28.25322256668373,23.636707
2017-05-18,33.876436355449265,30.38933
2017-05-19,36.89376983191915,31.744745
2017-05-20,34.97364992950996,27.749746
2017-05-21,29.35043614074443,23.325134
2017-05-22,17.555401776183032,21.758541
2017-05-23,11.795034364561403,20.956165
2017-05-24,9.052000429409667,20.748737
2017-05-25,5.074607001735181,19.82313
2017-05-26,1.2343671969167929,12.43174
2017-05-27,0.27430339351517574,13.183449
2017-05-28,0.13715131153788462,16.371494
2017-05-29,0.0,18.880466
2017-05-30,0.0,19.01579
2017-05-31,0.41145470505306037,16.835812
2017-06-01,3.1544870993259906,22.55967
2017-06-02,3.9773934276744853,35.062492
2017-06-03,3.703093886356335,35.513702
2017-06-04,2.331573066583438,26.681446
2017-06-05,0.8229063283484948,13.721758
2017-06-06,0.13715131153788462,8.251818
2017-06-07,0.548606016590945,8.096136
2017-06-08,15.36097462806164,7.7446213
2017-06-09,0.27430339351517574,7.891876
2017-06-10,0.0,6.958637
2017-06-11,0.0,4.146408
2017-06-12,0.0,7.966358
2017-06-13,0.0,8.655647
2017-06-14,0.0,11.529076
2017-06-15,0.0,14.208714
2017-06-16,0.0,10.526804
2017-06-17,0.0,6.576374
2017-06-18,0.0,4.929199
2017-06-19,0.0,3.2708092
2017-06-20,0.0,2.8841934
2017-06-21,0.0,1.2598724
2017-06-22,0.0,0.4022751
2017-06-23,0.0,0.13848114
2017-06-24,0.0,0.7482414
2017-06-25,0.0,0.2338829
2017-06-26,0.0,25.562565
2017-06-27,0.0,20.270334
2017-06-28,0.0,6.74683
2017-06-29,0.0,4.2430725
2017-06-30,0.0,2.0003128
2017-07-01,0.0,3.3867416
2017-07-02,0.0,1.6013718
2017-07-03,0.0,3.1196404
2017-07-04,0.0,2.6730309
2017-07-05,0.0,2.5057106
2017-07-06,0.0,0.79286194
2017-07-07,0.0,1.2892227
2017-07-08,0.0,0.31973267
2017-07-09,0.0,4.993183
2017-07-10,0.0,18.538801
2017-07-11,0.0,9.911022
2017-07-12,0.0,19.611261
2017-07-13,0.13715131153788462,40.463593
2017-07-14,0.0,57.950012
2017-07-15,0.0,64.00142
2017-07-16,0.0,44.213215
2017-07-17,0.0,32.952503
2017-07-18,2.605880312295639,26.652128
2017-07-19,0.13715131153788462,26.534882
2017-07-20,0.0,14.881878
2017-07-21,0.0,8.053511
2017-07-22,0.0,16.942936
2017-07-23,0.0,17.144358
2017-07-24,0.0,13.417463
2017-07-25,0.0,20.670427
2017-07-26,0.0,23.816986
2017-07-27,0.0,15.482073
2017-07-28,0.0,31.64643
2017-07-29,0.0,54.793568
2017-07-30,0.0,98.698364
2017-07-31,13.578000644114496,142.11407
2017-08-01,4.800307460417031,192.92155
2017-08-02,21.395641581001417,233.54753
2017-08-03,53.62625757535963,180.97145
2017-08-04,6.583273739970124,89.82039
2017-08-05,11.9321879874175,59.386307
2017-08-06,4.251700673386679,63.846584
2017-08-07,7.131880527000469,52.97196
2017-08-08,28.801829353714087,29.151878
2017-08-09,20.02412846562257,13.799971
2017-08-10,4.251700673386679,7.8273697
2017-08-11,1.2343671969167929,2.0693588
2017-08-12,1.2343671969167929,85.985985
2017-08-13,7.68048731403082,117.92694
2017-08-14,2.331573066583438,92.47638
2017-08-15,0.548606016590945,54.06054
2017-08-16,0.27430339351517574,31.385136
2017-08-17,0.27430339351517574,18.050953
2017-08-18,0.27430339351517574,9.579758
2017-08-19,0.27430339351517574,6.2551117
2017-08-20,0.41145470505306037,1.4896622
2017-08-21,7.40618777271267,28.82409
2017-08-22,5.623213788765526,32.100174
2017-08-23,0.9600599512045989,34.51906
2017-08-24,0.41145470505306037,31.881207
2017-08-25,0.27430339351517574,26.1748
2017-08-26,0.27430339351517574,16.97583
2017-08-27,0.27430339351517574,15.996744
2017-08-28,0.27430339351517574,8.957579
2017-08-29,0.27430339351517574,7.2290306
2017-08-30,0.548606016590945,10.816303
2017-08-31,2.1944271481213917,8.458471
2017-09-01,0.41145470505306037,5.691868
2017-09-02,0.41145470505306037,4.684231
2017-09-03,0.27430339351517574,3.3750725
2017-09-04,0.27430339351517574,3.9299355
2017-09-05,0.27430339351517574,2.856598
2017-09-06,0.41145470505306037,3.4283218
2017-09-07,0.41145470505306037,3.8757896
2017-09-08,0.41145470505306037,8.4526005
2017-09-09,0.27430339351517574,8.118395
2017-09-10,0.27430339351517574,5.230171
2017-09-11,0.27430339351517574,6.417927
2017-09-12,0.27430339351517574,5.39093
2017-09-13,0.41145470505306037,9.313923
2017-09-14,0.27430339351517574,7.9595394
2017-09-15,0.41145470505306037,36.435444
2017-09-16,0.27430339351517574,36.399544
2017-09-17,0.27430339351517574,30.982134
2017-09-18,0.27430339351517574,20.416992
2017-09-19,0.27430339351517574,14.187382
2017-09-20,0.13715131153788462,10.745268
2017-09-21,0.13715131153788462,9.799023
2017-09-22,0.0,10.930256
2017-09-23,0.0,6.2740135
2017-09-24,0.0,20.10839
2017-09-25,0.0,17.396206
2017-09-26,0.0,9.6841545
2017-09-27,0.41145470505306037,81.37572
2017-09-28,108.34972872477996,226.45212
2017-09-29,359.33707569396347,639.08655
2017-09-30,3757.9525927344935,932.4639
2017-10-01,1426.3761670352465,1703.0751
2017-10-02,2660.740158924117,1137.1357
2017-10-03,2551.0189170839585,380.60742
2017-10-04,2907.61295884277,179.58691
2017-10-05,1138.357904315682,338.9975
2017-10-06,1741.8247459931465,336.58737
2017-10-07,1563.5277251137406,191.11797
2017-10-08,2153.2794048198407,139.78067
2017-10-09,1338.5991735631198,92.13135
2017-10-10,122.06488299175057,55.72995
2017-10-11,38.12812932444189,39.572613
2017-10-12,21.66994882671361,31.623802
2017-10-13,13.166547479940249,27.664661
2017-10-14,5.486060165909429,22.966707
2017-10-15,1.5086667382349432,16.880585
2017-10-16,0.685758098568229,16.407858
2017-10-17,0.41145470505306037,16.794737
2017-10-18,0.27430339351517574,17.915064
2017-10-19,0.27430339351517574,18.465775
2017-10-20,0.27430339351517574,24.826256
2017-10-21,0.13715131153788462,23.045618
2017-10-22,0.13715131153788462,17.26804
2017-10-23,0.13715131153788462,16.424406
2017-10-24,0.13715131153788462,15.499355
2017-10-25,0.13715131153788462,14.894451
2017-10-26,0.13715131153788462,14.516994
2017-10-27,0.13715131153788462,13.41152
2017-10-28,0.13715131153788462,13.115122
2017-10-29,0.13715131153788462,13.330145
2017-10-30,0.13715131153788462,14.151817
2017-10-31,0.13715131153788462,16.040976
2017-11-01,0.13715131153788462,15.944933
2017-11-02,0.13715131153788462,14.989941
2017-11-03,0.13715131153788462,15.650299
2017-11-04,0.13715131153788462,17.626598
2017-11-05,0.13715131153788462,16.99242
2017-11-06,0.13715131153788462,16.800308
2017-11-07,0.13715131153788462,17.117468
2017-11-08,0.13715131153788462,14.587513
2017-11-09,0.13715131153788462,13.055531
2017-11-10,0.13715131153788462,13.681503
2017-11-11,0.13715131153788462,14.213747
2017-11-12,0.13715131153788462,12.227467
2017-11-13,0.13715131153788462,16.208717
2017-11-14,0.13715131153788462,13.937397
2017-11-15,0.13715131153788462,12.4663105
2017-11-16,0.13715131153788462,13.001617
2017-11-17,0.13715131153788462,15.708805
2017-11-18,0.13715131153788462,9.056618
2017-11-19,0.13715131153788462,4.852207
2017-11-20,0.13715131153788462,6.5344734
2017-11-21,0.13715131153788462,11.943459
2017-11-22,0.13715131153788462,12.15913
2017-11-23,0.13715131153788462,12.397348
2017-11-24,0.13715131153788462,12.012793
2017-11-25,0.0,12.339279
2017-11-26,0.0,12.530556
2017-11-27,0.0,12.267843
2017-11-28,0.0,13.710606
2017-11-29,0.0,11.659517
2017-11-30,0.0,15.219736
2017-12-01,0.0,15.195553
2017-12-02,0.0,13.310831
2017-12-03,0.0,13.608446
2017-12-04,0.0,11.646511
2017-12-05,0.0,6.506035
2017-12-06,0.0,4.2838974
2017-12-07,0.0,2.6546745
2017-12-08,0.0,4.193432
2017-12-09,0.0,6.1877747
2017-12-10,0.0,5.259327
2017-12-11,0.0,4.416584
2017-12-12,0.0,5.374771
2017-12-13,0.0,5.6087646
2017-12-14,0.0,4.936054
2017-12-15,0.0,2.7882843
2017-12-16,0.0,4.1315002
2017-12-17,0.0,9.222097
2017-12-18,0.0,5.607807
2017-12-19,0.0,6.382908
2017-12-20,0.0,8.724655
2017-12-21,0.0,7.8525085
2017-12-22,0.0,0.0
2017-12-23,0.0,6.9076347
2017-12-24,0.0,12.2827
2017-12-25,0.0,13.075178
2017-12-26,0.0,11.0955925
2017-12-27,0.0,8.801813
2017-12-28,0.0,7.822857
2017-12-29,0.0,7.2663574
2017-12-30,0.0,9.083441
2017-12-31,0.0,10.92691
2018-01-01,0.0,6.0278854
2018-01-02,0.0,7.0076637
2018-01-03,0.0,4.8684044
2018-01-04,0.0,8.945982
2018-01-05,0.0,8.02071
2018-01-06,0.0,11.179222
2018-01-07,0.0,14.215048
2018-01-08,0.0,11.201218
2018-01-09,0.0,13.305859
2018-01-10,0.0,13.86627
2018-01-11,0.0,17.527704
2018-01-12,0.0,14.474073
2018-01-13,0.0,8.220644
2018-01-14,0.0,8.816486
2018-01-15,0.0,8.016436
2018-01-16,0.0,6.208233
2018-01-17,0.0,4.342762
2018-01-18,0.0,5.4345818
2018-01-19,0.0,10.092091
2018-01-20,0.0,8.372334
2018-01-21,0.0,9.061766
2018-01-22,0.0,5.7887535
2018-01-23,0.0,2.561905
2018-01-24,0.0,4.367195
2018-01-25,0.0,7.476639
2018-01-26,0.0,6.2938995
2018-01-27,0.0,1.4444847
2018-01-28,0.0,6.2456512
2018-01-29,0.0,7.5847244
2018-01-30,0.0,9.287453
2018-01-31,0.0,10.57036
2018-02-01,0.0,11.8995495
2018-02-02,0.0,11.413553
2018-02-03,0.0,12.473515
2018-02-04,0.0,11.758036
2018-02-05,0.0,13.184975
2018-02-06,0.0,10.957073
2018-02-07,0.0,5.8100586
2018-02-08,0.0,9.647131
2018-02-09,0.0,11.32209
2018-02-10,0.0,12.479347
2018-02-11,0.0,5.015671
2018-02-12,0.0,11.212376
2018-02-13,0.0,13.325121
2018-02-14,0.0,7.297367
2018-02-15,0.0,15.721403
2018-02-16,0.0,27.07405
2018-02-17,0.0,30.232594
2018-02-18,0.0,21.663633
2018-02-19,0.0,15.465254
2018-02-20,0.0,11.220228
2018-02-21,0.0,10.484434
2018-02-22,0.0,13.532457
2018-02-23,0.0,10.817699
2018-02-24,0.0,11.410448
2018-02-25,0.0,7.9626064
2018-02-26,0.0,7.673023
2018-02-27,0.0,10.541569
2018-02-28,0.0,9.405478
2018-03-01,0.0,10.54962
2018-03-02,0.0,12.77837
2018-03-03,0.0,12.797071
2018-03-04,0.0,10.247942
2018-03-05,0.0,3.7097778
2018-03-06,0.0,4.319351
2018-03-07,0.0,7.214714
2018-03-08,0.0,12.975092
2018-03-09,0.0,11.933775
2018-03-10,0.0,14.487539
2018-03-11,0.0,9.821289
2018-03-12,0.0,24.655128
2018-03-13,0.0,26.583797
2018-03-14,0.0,21.179083
2018-03-15,0.0,15.104155
2018-03-16,0.0,16.975266
2018-03-17,0.0,16.632698
2018-03-18,0.0,12.675524
2018-03-19,0.0,9.483528
2018-03-20,0.0,10.113674
2018-03-21,0.0,14.696709
2018-03-22,0.0,16.026247
2018-03-23,0.0,17.618637
2018-03-24,0.0,14.503277
2018-03-25,0.0,14.351097
2018-03-26,0.0,14.412401
2018-03-27,0.0,6.6114426
2018-03-28,0.0,19.667242
2018-03-29,0.0,23.964634
2018-03-30,0.0,17.656807
2018-03-31,0.0,15.934483
2018-04-01,0.0,17.730602
2018-04-02,0.0,16.912489
2018-04-03,0.0,17.26011
2018-04-04,0.0,13.963303
2018-04-05,0.0,15.230642
2018-04-06,0.0,16.561192
2018-04-07,0.0,20.405003
2018-04-08,0.0,20.182217
2018-04-09,0.0,14.828411
2018-04-10,0.0,15.503784
2018-04-11,0.0,16.235083
2018-04-12,0.0,18.13027
2018-04-13,0.0,12.961294
2018-04-14,0.0,13.744484
2018-04-15,0.0,12.882692
2018-04-16,0.0,16.255785
2018-04-17,0.0,18.396523
2018-04-18,0.0,11.5438385
2018-04-19,0.0,16.779423
2018-04-20,0.0,16.064068
2018-04-21,0.0,14.478258
2018-04-22,0.0,15.621613
2018-04-23,0.0,16.866856
2018-04-24,0.0,18.514814
2018-04-25,0.0,17.073524
2018-04-26,0.0,16.743006
2018-04-27,0.0,18.00855
2018-04-28,0.0,18.597996
2018-04-29,0.0,23.841887
2018-04-30,0.0,23.011202
2018-05-01,0.0,19.360403
2018-05-02,0.0,17.829165
2018-05-03,0.0,19.727327
2018-05-04,0.0,19.03102
2018-05-05,0.0,18.116283
2018-05-06,0.0,19.599024
2018-05-07,0.0,18.110548
2018-05-08,0.0,14.373491
2018-05-09,0.0,10.37188
2018-05-10,0.0,10.020813
2018-05-11,0.0,8.883873
2018-05-12,0.0,8.742743
2018-05-13,0.0,10.435547
2018-05-14,0.0,14.619909
2018-05-15,0.0,15.672083
2018-05-16,0.0,15.783506
2018-05-17,0.0,14.612762
2018-05-18,0.0,12.322489
2018-05-19,0.0,14.142742
2018-05-20,0.0,16.771568
2018-05-21,0.41145470505306037,13.056721
2018-05-22,1.5086667382349432,43.437843
2018-05-23,0.0,46.57388
2018-05-24,0.0,39.679234
2018-05-25,0.0,22.949295
2018-05-26,0.0,12.770214
2018-05-27,0.0,8.585896
2018-05-28,0.0,11.551832
2018-05-29,0.0,14.105547
2018-05-30,0.0,13.333321
2018-05-31,0.0,9.356989
2018-06-01,0.0,8.462687
2018-06-02,0.0,7.46299
2018-06-03,0.0,7.718899
2018-06-04,101.62930136195374,19.234583
2018-06-05,20.572735252652915,15.208775
2018-06-06,0.13715131153788462,6.4667244
2018-06-07,0.0,4.820057
2018-06-08,0.0,3.9844933
2018-06-09,0.0,5.3666153
2018-06-10,0.0,5.1241226
2018-06-11,0.0,1.6385231
2018-06-12,0.0,4.011181
2018-06-13,0.0,2.9726639
2018-06-14,0.0,1.7472916
2018-06-15,0.0,2.75309
2018-06-16,3.9773934276744853,49.42401
2018-06-17,0.13715131153788462,193.30399
2018-06-18,0.0,411.65845
2018-06-19,0.0,397.35217
2018-06-20,0.0,224.96567
2018-06-21,0.0,79.597206
2018-06-22,0.0,37.746517
2018-06-23,0.0,14.344465
2018-06-24,0.0,8.19779
2018-06-25,0.0,3.8657684
2018-06-26,0.0,4.286335
2018-06-27,0.0,4.274235
2018-06-28,0.0,2.1380463
2018-06-29,0.0,3.0109215
2018-06-30,0.0,2.9327774
2018-07-01,0.0,3.6607666
2018-07-02,0.0,3.6643486
2018-07-03,0.0,4.3144875
2018-07-04,0.0,2.3922958
2018-07-05,0.0,2.3089867
2018-07-06,0.0,26.677315
2018-07-07,0.0,23.078213
2018-07-08,0.0,9.507809
2018-07-09,0.0,14.515415
2018-07-10,0.0,16.340445
2018-07-11,0.0,15.728138
2018-07-12,0.0,9.014559
2018-07-13,0.0,24.811615
2018-07-14,0.0,32.365498
2018-07-15,0.0,49.757915
2018-07-16,36.4823166677449,60.680283
2018-07-17,13.029393857084148,55.770916
2018-07-18,103.27512172304478,56.1976
2018-07-19,13.578000644114496,40.051968
2018-07-20,19.612675301448323,24.90701
2018-07-21,45.39716347429847,10.192423
2018-07-22,6.857580985682318,3.2625847
2018-07-23,1.6458203610910402,0.046928406
2018-07-24,0.0,15.584293
2018-07-25,0.0,23.816841
2018-07-26,906.5717717793788,14.946474
2018-07-27,522.5474214866258,41.822727
2018-07-28,96.69184798307468,79.99146
2018-07-29,174.18247382887526,106.9485
2018-07-30,249.61582614941057,74.620865
2018-07-31,827.0238724083126,37.12934
2018-08-01,378.5382901268433,19.1176
2018-08-02,35.38510309368421,13.334988
2018-08-03,9.874914462152208,13.897356
2018-08-04,0.9600599512045989,8.313814
2018-08-05,0.13715131153788462,2.6155586
2018-08-06,0.0,12.017084
2018-08-07,0.0,4.7411957
2018-08-08,0.0,2.7146416
2018-08-09,0.27430339351517574,0.0
2018-08-10,7.40618777271267,13.952597
2018-08-11,0.685758098568229,30.436935
2018-08-12,82.29093330621762,36.472523
2018-08-13,290.76129665471643,27.774792
2018-08-14,403.225572430027,14.510448
2018-08-15,27.97891532097154,5.366108
2018-08-16,5.486060165909429,18.520657
2018-08-17,0.41145470505306037,14.339197
2018-08-18,0.13715131153788462,27.030613
2018-08-19,0.13715131153788462,21.888115
2018-08-20,0.13715131153788462,9.004826
2018-08-21,0.0,2.9144554
2018-08-22,0.0,22.567024
2018-08-23,0.0,106.27518
2018-08-24,0.0,169.56206
2018-08-25,127.55094315766,163.8187
2018-08-26,311.3340319073693,129.76807
2018-08-27,150.86671234546463,103.371735
2018-08-28,208.4703633484988,63.623787
2018-08-29,271.5600745174422,31.016006
2018-08-30,23.315761483410608,14.703901
2018-08-31,6.171820575795877,5.258152
2018-09-01,0.9600599512045989,29.77842
2018-09-02,0.548606016590945,62.076607
2018-09-03,0.13715131153788462,90.50295
2018-09-04,178.2970208794058,86.35495
2018-09-05,427.9128470288164,62.120266
2018-09-06,28.11606894382764,57.038994
2018-09-07,0.0,54.34755
2018-09-08,0.0,47.91487
2018-09-09,0.41145470505306037,29.365995
2018-09-10,3.0173334764698865,15.220772
2018-09-11,1.5086667382349432,7.9019794
2018-09-12,0.41145470505306037,4.311329
2018-09-13,0.27430339351517574,4.0850945
2018-09-14,0.13715131153788462,4.5377846
2018-09-15,0.13715131153788462,5.770008
2018-09-16,0.0,5.2288857
2018-09-17,0.0,2.722149
2018-09-18,0.0,3.3682861
2018-09-19,0.0,1.07658
2018-09-20,0.13715131153788462,68.21876
2018-09-21,0.13715131153788462,82.156204
2018-09-22,0.13715131153788462,98.175354
2018-09-23,0.13715131153788462,56.141808
2018-09-24,0.0,31.32154
2018-09-25,0.0,19.470259
2018-09-26,0.0,19.849815
2018-09-27,0.0,17.392017
2018-09-28,0.0,14.424839
2018-09-29,0.0,12.520941
2018-09-30,0.0,11.009821
2018-10-01,0.0,8.20245
2018-10-02,0.0,19.838028
2018-10-03,0.0,49.27487
2018-10-04,0.0,62.489876
2018-10-05,0.0,57.872627
2018-10-06,11.9321879874175,35.301357
2018-10-07,1.0972135740606959,21.274044
2018-10-08,8.91485451094761,28.574106
2018-10-09,3.2916407221820876,36.943653
2018-10-10,9.737760839296104,37.127052
2018-10-11,1.3715131153788462,27.054787
2018-10-12,0.27430339351517574,24.034187
2018-10-13,0.13715131153788462,21.891283
2018-10-14,0.13715131153788462,20.30997
2018-10-15,0.0,23.536766
2018-10-16,0.0,26.392479
2018-10-17,0.0,28.74448
2018-10-18,0.0,26.167635
2018-10-19,0.0,20.067972
2018-10-20,0.0,17.332386
2018-10-21,0.0,13.715685
2018-10-22,0.0,19.09386
2018-10-23,30.03618884623684,14.172504
2018-10-24,57.19219783885988,37.823055
2018-10-25,118.36178910539424,60.83012
2018-10-26,255.1018940197141,50.093803
2018-10-27,175.55398694425412,30.814693
2018-10-28,36.20800942203271,19.796093
2018-10-29,18.378308104531524,15.63912
2018-10-30,9.737760839296104,10.104816
2018-10-31,4.388846591848733,21.330492
2018-11-01,1.7829739839471443,27.518894
2018-11-02,0.685758098568229,22.333616
2018-11-03,0.27430339351517574,15.755199
2018-11-04,0.13715131153788462,9.074696
2018-11-05,0.13715131153788462,12.618374
2018-11-06,0.13715131153788462,9.582264
2018-11-07,12.892247938622099,7.7432594
2018-11-08,8.091940478205068,5.9768257
2018-11-09,2.468726689439542,0.0
2018-11-10,1.0972135740606959,5.8525887
2018-11-11,0.41145470505306037,5.754795
2018-11-12,0.27430339351517574,0.0
2018-11-13,0.13715131153788462,0.0
2018-11-14,0.13715131153788462,3.5532875
2018-11-15,0.13715131153788462,4.809597
2018-11-16,0.13715131153788462,5.1905518
2018-11-17,0.13715131153788462,6.540207
2018-11-18,0.0,3.7277374
2018-11-19,0.0,1.3061218
2018-11-20,0.0,1.1441307
2018-11-21,0.0,3.9821548
2018-11-22,0.0,2.626114
2018-11-23,0.0,10.573212
2018-11-24,0.0,7.2004166
2018-11-25,0.0,1.7653427
2018-11-26,0.0,1.2276268
2018-11-27,0.0,1.6537628
2018-11-28,0.0,5.99041
2018-11-29,0.0,6.477104
2018-11-30,0.0,3.20253
2018-12-01,0.0,8.376205
2018-12-02,0.0,8.70015
2018-12-03,0.0,3.406887
2018-12-04,0.0,1.5171967
2018-12-05,0.0,0.7661247
2018-12-06,0.0,2.7533302
2018-12-07,0.0,12.941002
2018-12-08,0.0,12.198305
2018-12-09,0.0,6.6037483
2018-12-10,0.0,2.4096718
2018-12-11,0.0,7.277382
2018-12-12,0.0,3.5126839
2018-12-13,0.0,2.6775742
2018-12-14,0.0,0.14854813
2018-12-15,0.0,4.28154
2018-12-16,0.0,5.5916367
2018-12-17,0.0,6.9921303
2018-12-18,0.0,11.321684
2018-12-19,0.0,9.109255
2018-12-20,0.0,7.1623917
2018-12-21,0.0,7.0492516
2018-12-22,0.0,7.2302856
2018-12-23,0.0,1.117096
2018-12-24,0.0,6.1461067
2018-12-25,0.0,5.137459
2018-12-26,0.0,4.6196938
2018-12-27,0.0,4.4128265
2018-12-28,0.0,0.0
2018-12-29,0.0,0.0
2018-12-30,0.0,0.0
2018-12-31,0.0,0.0
2019-01-01,0.0,0.0
2019-01-02,0.0,1.0691338
2019-01-03,0.0,0.0
2019-01-04,0.0,0.0
2019-01-05,0.0,0.0
2019-01-06,0.0,3.2886162
2019-01-07,0.0,7.2309494
2019-01-08,0.0,7.125824
2019-01-09,0.0,6.4224358
2019-01-10,0.0,3.5421982
2019-01-11,0.10972135740606603,14.18401
2019-01-12,0.06857580985682432,13.3292885
2019-01-13,0.04114547050530604,11.778618
2019-01-14,0.027430339351518285,16.114641
2019-01-15,0.013715131153787752,15.142109
2019-01-16,0.013715131153787752,16.126713
2019-01-17,1.6595341824978433,10.188168
2019-01-18,0.7269034149856566,7.3154106
2019-01-19,0.4937453378879084,15.682232
2019-01-20,0.4800307460417059,18.75328
2019-01-21,0.3291640722182052,12.790699
2019-01-22,0.3840239804818353,5.363369
2019-01-23,0.548606016590945,4.1934357
2019-01-24,0.23315730665834167,5.2277718
2019-01-25,0.10972135740606603,3.4631233
2019-01-26,0.09600599512045704,3.7058144
2019-01-27,0.05486060165909379,5.6806107
2019-01-28,0.027430339351518285,6.604965
2019-01-29,0.013715131153787752,4.6606827
2019-01-30,0.0,4.6214676
2019-01-31,0.0,6.2102013
2019-02-01,0.0,8.051327
2019-02-02,0.0,8.179462
2019-02-03,0.0,11.692289
2019-02-04,0.0,11.496611
2019-02-05,0.0,12.261221
2019-02-06,0.0,4.3418694
2019-02-07,0.0,2.096592
2019-02-08,0.0,2.162613
2019-02-09,0.0,6.7739677
2019-02-10,0.0,6.017437
2019-02-11,0.0,2.5109978
2019-02-12,0.0,0.90524673
2019-02-13,0.0,5.289501
2019-02-14,0.0,0.0
2019-02-15,0.0,31.609276
2019-02-16,0.0,37.971577
2019-02-17,0.0,24.553406
2019-02-18,0.0,17.58726
2019-02-19,0.0,12.201685
2019-02-20,0.0,11.4795
2019-02-21,6.254111208630725,13.2064495
2019-02-22,17.69254769464508,6.0259247
2019-02-23,7.200457338428521,12.353697
2019-02-24,3.757949171983533,10.67174
2019-02-25,1.9338337238159937,9.136265
2019-02-26,1.412662283993292,9.2669735
2019-02-27,1.0286367626326438,12.154957
2019-02-28,0.548606016590945,11.702091
2019-03-01,0.3154487099325962,13.761862
2019-03-02,0.10972135740606603,13.085272
2019-03-03,0.04114547050530604,17.46309
2019-03-04,0.013715131153787752,16.75968
2019-03-05,25.235889090213853,14.130892
2019-03-06,25.7844958772442,13.387007
2019-03-07,15.909581415091989,14.392845
2019-03-08,16.869641366296584,9.759342
2019-03-09,17.41824815332693,8.739162
2019-03-10,12.823671127194046,9.605204
2019-03-11,7.25532032844977,8.409416
2019-03-12,6.281538851444324,5.8283386
2019-03-13,3.3053545435888836,15.676363
2019-03-14,1.7966878053539403,31.15889
2019-03-15,0.7817648641280996,28.843649
2019-03-16,0.4937453378879084,22.285
2019-03-17,0.8229063283484948,17.56806
2019-03-18,0.562321378876554,14.988831
2019-03-19,12.06933390587955,14.283838
2019-03-20,23.590068729122805,13.380512
2019-03-21,16.458188202122333,12.832876
2019-03-22,12.851098770007642,15.575632
2019-03-23,6.432406295707224,15.341368
2019-03-24,2.27671778095624,14.049557
2019-03-25,2.468726689439542,12.271334
2019-03-26,1.275508661137195,12.46739
2019-03-27,0.5348914247447354,14.297382
2019-03-28,0.24687266894395066,15.197836
2019-03-29,0.10972135740606603,13.5979805
2019-03-30,0.04114547050530604,8.315865
2019-03-31,0.027430339351518285,5.5195847
2019-04-01,0.04114547050530604,15.5460415
2019-04-02,0.027430339351518285,18.85083
2019-04-03,0.013715131153787752,16.658417
2019-04-04,0.0,13.213104
2019-04-05,0.0,13.331417
2019-04-06,0.0,12.556311
2019-04-07,0.0,13.6253395
2019-04-08,0.0,14.786858
2019-04-09,0.0,16.381296
2019-04-10,0.0,14.030251
2019-04-11,0.0,10.685247
2019-04-12,0.0,10.411854
2019-04-13,0.0,13.598761
2019-04-14,0.0,14.07453
2019-04-15,0.0,15.165251
2019-04-16,0.0,11.46974
2019-04-17,0.0,18.426361
2019-04-18,0.013715131153787752,43.14848
2019-04-19,0.0,53.24924
2019-04-20,0.0,34.93662
2019-04-21,0.0,25.028473
2019-04-22,0.0,17.71292
2019-04-23,0.0,20.431131
2019-04-24,0.0,27.174974
2019-04-25,0.0,31.15761
2019-04-26,0.0,24.672358
2019-04-27,0.0,20.808765
2019-04-28,0.0,16.796225
2019-04-29,3.2504915535676346,16.137398
2019-04-30,13.2488381127751,17.06121
2019-05-01,14.263761054000941,18.100163
2019-05-02,20.98418841682717,17.380472
2019-05-03,28.801829353714087,16.675516
2019-05-04,36.61946258620695,15.845495
2019-05-05,34.28788951962351,17.58802
2019-05-06,21.80709474517566,17.611263
2019-05-07,18.65260764584968,16.67795
2019-05-08,18.78976126870577,12.3675
2019-05-09,21.944248368031765,0.890728
2019-05-10,27.018855369766943,2.1611748
2019-05-11,34.425043142479616,30.572037
2019-05-12,40.45971009541939,86.480545
2019-05-13,39.49965014421479,52.750908
2019-05-14,33.190675945562816,43.93441
2019-05-15,45.67147072001067,28.843586
2019-05-16,32.50491553567637,20.815046
2019-05-17,26.058795418562347,13.787521
2019-05-18,23.590068729122805,13.730194
2019-05-19,26.333094959880498,14.997564
2019-05-20,32.916376404244666,9.519276
2019-05-21,43.88849673606353,20.516373
2019-05-22,45.94577026132882,25.692429
2019-05-23,37.3052229960934,22.705276
2019-05-24,27.018855369766943,17.056545
2019-05-25,22.081401990887866,17.052063
2019-05-26,21.53279520385751,17.951635
2019-05-27,12.508222417261447,16.012367
2019-05-28,5.060893180328378,14.773319
2019-05-29,1.5635297282561922,15.511955
2019-05-30,0.5074607001735174,16.128788
2019-05-31,0.06857580985682432,17.835522
2019-06-01,2.27671778095624,18.272459
2019-06-02,2.1944271481213917,20.476711
2019-06-03,16.732487743440483,17.983725
2019-06-04,26.195949041418448,12.849159
2019-06-05,19.88697484276647,17.89444
2019-06-06,12.2476366973501,18.890657
2019-06-07,21.25848795814532,16.657717
2019-06-08,27.156008992623043,10.88513
2019-06-09,22.081401990887866,5.9249153
2019-06-10,12.398504141613,8.986855
2019-06-11,4.690581480374533,16.792086
2019-06-12,1.275508661137195,16.256645
2019-06-13,0.7406187772712656,11.714672
2019-06-14,0.9326323083909926,5.958729
2019-06-15,0.10972135740606603,4.2930145
2019-06-16,0.0,6.822441
2019-06-17,0.0,6.9536057
2019-06-18,0.0,16.275625
2019-06-19,0.0,16.00904
2019-06-20,0.0,11.129242
2019-06-21,0.0,5.810322
2019-06-22,0.0,4.489483
2019-06-23,0.0,6.869652
2019-06-24,0.0,12.920849
2019-06-25,0.0,15.09741
2019-06-26,0.0,10.182989
2019-06-27,0.0,5.923336
2019-06-28,0.0,5.695732
2019-06-29,0.0,4.8700523
2019-06-30,0.0,3.103592
2019-07-01,0.0,1.9383202
2019-07-02,0.0,11.326487
2019-07-03,0.0,6.2336197
2019-07-04,0.0,4.0019684
2019-07-05,0.0,3.8227692
2019-07-06,0.0,2.0074615
2019-07-07,0.08229063283484805,10.545912
2019-07-08,0.0,29.565649
2019-07-09,0.0,23.99285
2019-07-10,0.0,10.852074
2019-07-11,0.0,4.884796
2019-07-12,0.0,1.4752312
2019-07-13,0.0,0.9711609
2019-07-14,0.0,4.383816
2019-07-15,0.0,7.9678307
2019-07-16,0.0,5.5974007
2019-07-17,0.0,27.592117
2019-07-18,0.0,19.181479
2019-07-19,0.0,3.859993
2019-07-20,0.0,1.6556816
2019-07-21,0.0,0.59469986
2019-07-22,0.0,0.42741394
2019-07-23,0.0,44.443874
2019-07-24,0.0,55.368
2019-07-25,0.0,61.606056
2019-07-26,75.02189915636104,57.553017
2019-07-27,24.96158184450165,68.523796
2019-07-28,49.237410983510905,70.354454
2019-07-29,137.15155807849405,53.052364
2019-07-30,101.62930136195374,23.70969
2019-07-31,9.36744913934226,13.188782
2019-08-01,0.3703093886356328,3.8408623
2019-08-02,0.027430339351518285,18.208014
2019-08-03,0.06857580985682432,20.640223
2019-08-04,4.2791283162002856,40.61194
2019-08-05,1.7692524581462905,48.209988
2019-08-06,42.24267637497248,33.663166
2019-08-07,67.47856546518634,31.219572
2019-08-08,6.638136729991373,33.91845
2019-08-09,83.93675366730868,29.675362
2019-08-10,94.77172037627142,19.338043
2019-08-11,127.41379723919792,27.787632
2019-08-12,59.11231774126907,49.08574
2019-08-13,8.14680346822632,55.541145
2019-08-14,5.3214789002397325,29.553009
2019-08-15,5.787795054435229,16.213415
2019-08-16,1.5772435496629953,6.785431
2019-08-17,2.0024105352440387,2.536251
2019-08-18,2.0435597038584916,0.9610634
2019-08-19,4.183123861958634,1.183979
2019-08-20,0.6994726904144386,1.3625145
2019-08-21,0.0,0.8446579
2019-08-22,0.0,0.26490402
2019-08-23,0.0,0.7014923
2019-08-24,0.0,1.5121574
2019-08-25,0.0,2.1653442
2019-08-26,0.0,0.95936203
2019-08-27,0.0,0.0
2019-08-28,0.0,2.2306519
2019-08-29,0.0,0.8256035
2019-08-30,3.716807707763138,0.32030106
2019-08-31,5.170611455976825,0.66225815
2019-09-01,0.685758098568229,0.0
2019-09-02,0.0,3.687645
2019-09-03,0.0,2.664608
2019-09-04,0.0,1.6838837
2019-09-05,0.0,0.021686554
2019-09-06,0.0,2.1503105
2019-09-07,0.0,0.52648926
2019-09-08,0.0,3.2046242
2019-09-09,0.0,7.1445007
2019-09-10,0.0,6.061722
2019-09-11,0.0,11.750145
2019-09-12,0.0,7.3051796
2019-09-13,0.0,8.137682
2019-09-14,113.69863526783332,6.9678993
2019-09-15,7.323889435483771,28.283436
2019-09-16,2.8253245679865913,62.316944
2019-09-17,5.4586325230958295,254.94936
2019-09-18,0.562321378876554,236.70073
2019-09-19,0.09600599512045704,161.75854
2019-09-20,13.262551934181896,82.68923
2019-09-21,3.785384519191183,46.6148
2019-09-22,0.41145470505306037,25.524223
2019-09-23,0.0,16.973087
2019-09-24,0.0,42.186626
2019-09-25,0.0,50.212906
2019-09-26,0.0,40.18347
2019-09-27,0.0,24.477661
2019-09-28,0.0,16.61995
2019-09-29,0.0,14.7271595
2019-09-30,0.0,12.28615
2019-10-01,0.0,8.532698
2019-10-02,0.0,8.672853
2019-10-03,0.0,9.180277
2019-10-04,152.23822546084347,24.055088
2019-10-05,189.2691489156188,50.987984
2019-10-06,3.881388973432834,60.40876
2019-10-07,6.7890041742542735,52.90508
2019-10-08,6.569559918563321,32.784187
2019-10-09,2.0572735252652947,25.112392
2019-10-10,0.3291640722182052,18.732407
2019-10-11,0.0,5.7716713
2019-10-12,0.0,9.082718
2019-10-13,0.0,8.700937
2019-10-14,0.0,10.769789
2019-10-15,0.0,11.069405
2019-10-16,0.0,10.381126
2019-10-17,0.0,11.304516
2019-10-18,0.0,11.757498
2019-10-19,0.0,7.8428574
2019-10-20,0.0,8.875065
2019-10-21,0.0,4.6645927
2019-10-22,0.0,7.7100983
2019-10-23,0.0,8.018793
2019-10-24,0.0,4.173561
2019-10-25,0.0,3.6151848
2019-10-26,0.0,7.141575
2019-10-27,0.0,8.855032
2019-10-28,0.0,4.867897
2019-10-29,0.0,2.1842155
2019-10-30,0.0,0.0
2019-10-31,0.0,0.0
2019-11-01,0.0,2.1420212
2019-11-02,0.0,3.8791618
2019-11-03,0.0,5.6489105
2019-11-04,0.0,6.625454
2019-11-05,0.0,6.642006
2019-11-06,0.0,0.93753815
2019-11-07,0.0,20.167116
2019-11-08,0.0,22.327133
2019-11-09,0.0,12.481966
2019-11-10,0.0,10.167065
2019-11-11,0.0,6.109318
2019-11-12,0.0,1.8089714
2019-11-13,0.0,5.797859
2019-11-14,0.0,5.673271
2019-11-15,0.0,7.1281357
2019-11-16,0.0,7.2228165
2019-11-17,0.0,5.244026
2019-11-18,0.0,7.872551
2019-11-19,0.0,1.8989677
2019-11-20,0.0,1.725399
2019-11-21,2.55101732227439,4.1472816
2019-11-22,0.08229063283484805,26.45883
2019-11-23,0.0,27.23199
2019-11-24,0.0,16.459818
2019-11-25,0.0,11.195053
2019-11-26,0.0,5.746395
2019-11-27,0.0,0.0
2019-11-28,0.06857580985682432,0.0
2019-11-29,1.8104016267607435,0.0
2019-11-30,0.3840239804818353,8.490858
2019-12-01,0.3017333476469872,5.525345
2019-12-02,2.496162036647192,8.199173
2019-12-03,0.8366278541493486,9.261721
2019-12-04,0.06857580985682432,12.536388
2019-12-05,0.0,15.9865055
2019-12-06,0.0,11.753368
2019-12-07,0.0,5.8649063
2019-12-08,0.0,2.0273857
2019-12-09,0.0,22.080439
2019-12-10,0.0,27.480968
2019-12-11,0.0,16.548128
2019-12-12,0.0,11.72591
2019-12-13,0.0,12.945274
2019-12-14,0.0,11.793419
2019-12-15,0.0,9.101564
2019-12-16,0.0,0.4591446
2019-12-17,0.0,0.0
2019-12-18,0.0,0.0
2019-12-19,0.0,1.5231781
2019-12-20,0.0,0.6324425
2019-12-21,0.0,3.1932144
2019-12-22,0.0,5.8743668
2019-12-23,0.0,6.274254
2019-12-24,0.0,5.6706047
2019-12-25,0.0,12.726168
2019-12-26,0.0,10.660772
2019-12-27,0.0,8.387918
2019-12-28,0.0,8.636688
2019-12-29,0.0,8.73019
2019-12-30,18.78976126870577,4.500164
2019-12-31,19.201214432880025,2.177391
2020-01-01,0.0,0.4627304
2020-01-02,0.0,4.804241
2020-01-03,0.0,1.201992
2020-01-04,0.0,4.3031616
2020-01-05,0.0,5.098015
2020-01-06,0.0,4.7462234
2020-01-07,0.0,2.2662163
2020-01-08,0.0,4.7976685
2020-01-09,0.0,3.3253288
2020-01-10,0.0,4.7460136
2020-01-11,0.0,0.6458359
2020-01-12,0.0,5.4707603
2020-01-13,0.0,6.76812
2020-01-14,0.0,7.474495
2020-01-15,0.0,8.289717
2020-01-16,0.0,0.0
2020-01-17,0.0,16.273
2020-01-18,0.0,15.225664
2020-01-19,0.0,9.255184
2020-01-20,0.0,7.491127
2020-01-21,0.0,5.662899
2020-01-22,0.0,21.530502
2020-01-23,0.0,20.783527
2020-01-24,0.0,13.279793
2020-01-25,0.0,9.912325
2020-01-26,0.0,9.167875
2020-01-27,0.0,7.601181
2020-01-28,0.0,8.444105
2020-01-29,0.0,7.9918118
2020-01-30,0.0,6.9957924
2020-01-31,0.0,5.873337
2020-02-01,0.0,9.32449
2020-02-02,0.0,9.668001
2020-02-03,0.0,9.442249
2020-02-04,0.0,0.48428726
2020-02-05,0.0,0.0
2020-02-06,0.0,5.267544
2020-02-07,0.0,11.576603
2020-02-08,0.0,10.13196
2020-02-09,0.0,10.660603
2020-02-10,0.0,0.0
2020-02-11,0.0,0.0
2020-02-12,0.0,11.800186
2020-02-13,0.0,7.0380554
2020-02-14,0.0,11.580154
2020-02-15,0.0,13.148108
2020-02-16,0.0,14.319761
2020-02-17,0.0,13.231674
2020-02-18,0.0,10.6966095
2020-02-19,0.0,11.977432
2020-02-20,0.0,9.144089
2020-02-21,0.0,11.189911
2020-02-22,0.0,7.0809097
2020-02-23,0.0,19.951336
2020-02-24,0.0,28.925823
2020-02-25,0.0,15.281311
2020-02-26,0.0,7.367672
2020-02-27,0.0,10.733276
2020-02-28,0.0,9.9757
2020-02-29,0.0,12.289522
2020-03-01,0.0,12.267086
2020-03-02,0.0,9.787615
2020-03-03,0.0,9.611185
2020-03-04,0.0,10.017694
2020-03-05,0.0,10.1134815
2020-03-06,0.0,12.382975
2020-03-07,0.0,11.720104
2020-03-08,0.0,12.297237
2020-03-09,0.0,12.271652
2020-03-10,0.0,11.394983
2020-03-11,0.0,19.045904
2020-03-12,0.0,27.225607
2020-03-13,0.0,38.066734
2020-03-14,0.0,39.355453
2020-03-15,0.0,32.00624
2020-03-16,0.0,19.536417
2020-03-17,0.0,16.52473
2020-03-18,0.0,6.3627586
2020-03-19,0.0,19.595884
2020-03-20,0.0,25.974388
2020-03-21,0.0,26.029175
2020-03-22,0.0,18.334766
2020-03-23,0.0,16.761595
2020-03-24,0.0,13.580917
2020-03-25,0.0,13.981005
2020-03-26,0.0,14.094755
2020-03-27,0.0,8.85825
2020-03-28,0.0,8.414646
2020-03-29,0.0,11.948599
2020-03-30,0.0,12.142044
2020-03-31,0.0,11.74435
2020-04-01,0.0,15.137142
2020-04-02,0.0,13.549122
2020-04-03,0.0,12.125748
2020-04-04,0.0,12.06609
2020-04-05,0.0,11.951185
2020-04-06,0.0,11.483006
2020-04-07,0.0,11.902681
2020-04-08,0.0,12.310123
2020-04-09,0.0,14.109957
2020-04-10,0.0,10.694721
2020-04-11,0.0,10.869831
2020-04-12,0.0,9.108723
2020-04-13,0.0,6.425461
2020-04-14,0.0,20.193277
2020-04-15,0.0,24.966599
2020-04-16,0.0,18.583754
2020-04-17,0.0,13.869957
2020-04-18,0.0,12.204411
2020-04-19,0.0,12.412172
2020-04-20,0.0,13.785143
2020-04-21,0.0,13.795696
2020-04-22,0.0,13.42017
2020-04-23,0.0,13.294321
2020-04-24,0.0,15.099749
2020-04-25,0.0,14.784868
2020-04-26,0.0,15.889212
2020-04-27,0.0,16.686193
2020-04-28,0.0,14.558311
2020-04-29,0.0,11.149076
2020-04-30,0.0,12.93042
2020-05-01,0.0,10.35618
2020-05-02,0.0,6.7791595
2020-05-03,0.0,7.3882027
2020-05-04,0.0,10.740015
2020-05-05,0.0,10.8383045
2020-05-06,0.0,13.03076
2020-05-07,0.0,15.162605
2020-05-08,0.0,7.573288
2020-05-09,0.0,11.96944
2020-05-10,0.0,14.597282
2020-05-11,0.0,17.922892
2020-05-12,0.0,23.351093
2020-05-13,0.0,21.622337
2020-05-14,0.0,17.169802
2020-05-15,0.0,16.088442
2020-05-16,0.0,14.096703
2020-05-17,0.0,14.151653
2020-05-18,0.0,11.346237
2020-05-19,0.0,6.13591
2020-05-20,0.0,3.4031868
2020-05-21,0.0,7.997034
2020-05-22,0.0,12.479609
2020-05-23,0.0,15.260834
2020-05-24,0.0,15.526358
2020-05-25,0.0,14.360264
2020-05-26,0.0,14.96422
2020-05-27,0.0,17.05599
2020-05-28,0.0,10.958593
2020-05-29,0.0,7.1407967
2020-05-30,0.0,3.2598877
2020-05-31,0.0,3.6808815
2020-06-01,0.0,14.6209545
2020-06-02,0.0,32.07127
2020-06-03,0.0,32.56124
2020-06-04,0.0,17.31679
2020-06-05,0.0,5.572426
2020-06-06,0.0,6.151638
2020-06-07,0.0,2.3774223
2020-06-08,0.0,3.9965973
2020-06-09,0.0,5.0202446
2020-06-10,0.0,12.240837
2020-06-11,0.0,15.040018
2020-06-12,0.0,12.069822
2020-06-13,0.0,3.804802
2020-06-14,0.0,25.965607
2020-06-15,0.0,20.123886
2020-06-16,0.0,8.212133
2020-06-17,0.0,4.5874977
2020-06-18,0.0,3.509468
2020-06-19,0.0,5.2120934
2020-06-20,0.0,4.7238693
2020-06-21,0.0,6.6018066
2020-06-22,0.0,4.330208
2020-06-23,0.0,1.411972
2020-06-24,0.0,1.0018463
2020-06-25,0.0,1.1023636
2020-06-26,0.0,0.0
2020-06-27,0.0,1.4789963
2020-06-28,0.0,2.4609413
2020-06-29,0.0,2.5683289
2020-06-30,0.0,1.098484
2020-07-01,0.0,4.129711
2020-07-02,0.0,4.993519
2020-07-03,0.0,4.964176
2020-07-04,0.0,4.6522865
2020-07-05,0.0,3.1860619
2020-07-06,0.0,2.191059
2020-07-07,0.0,0.42453384
2020-07-08,0.0,0.0
2020-07-09,0.0,0.14286423
2020-07-10,0.0,0.0
2020-07-11,0.0,0.0
2020-07-12,0.0,0.0
2020-07-13,0.0,0.0
2020-07-14,0.0,13.693783
2020-07-15,0.0,7.826847
2020-07-16,0.0,2.4334297
2020-07-17,0.0,21.12114
2020-07-18,0.0,20.867857
2020-07-19,0.0,10.04892
2020-07-20,0.0,3.5544434
2020-07-21,0.0,0.0
2020-07-22,0.0,30.527288
2020-07-23,0.0,63.69481
2020-07-24,0.0,93.306694
2020-07-25,0.0,274.13824
2020-07-26,0.0,339.63834
2020-07-27,0.0,264.9735
2020-07-28,0.0,316.01807
2020-07-29,0.0,312.86417
2020-07-30,0.0,183.73857
2020-07-31,0.0,76.75905
2020-08-01,0.0,41.963852
2020-08-02,0.0,26.14964
2020-08-03,0.0,23.557228
2020-08-04,0.0,18.621737
2020-08-05,0.0,13.7292385
2020-08-06,0.0,15.296326
2020-08-07,0.0,11.874477
2020-08-08,0.0,11.040688
2020-08-09,0.0,9.794569
2020-08-10,0.0,8.80431
2020-08-11,0.0,7.259186
2020-08-12,0.0,6.883259
2020-08-13,0.0,9.287498
2020-08-14,0.0,8.0487385
2020-08-15,0.0,4.9057884
2020-08-16,0.0,4.5294037
2020-08-17,0.0,6.9631844
2020-08-18,0.0,4.9420433
2020-08-19,0.0,3.866478
2020-08-20,0.0,3.1176567
2020-08-21,0.0,2.5160408
2020-08-22,0.0,1.2334938
2020-08-23,0.0,1.6601906
2020-08-24,0.0,2.1053963
2020-08-25,0.0,0.41342545
2020-08-26,0.0,16.976744
2020-08-27,0.0,25.354343
2020-08-28,0.0,18.139
2020-08-29,0.0,28.2069
2020-08-30,0.0,22.464043
2020-08-31,0.0,9.681911
2020-09-01,0.0,11.202429
2020-09-02,0.0,18.589113
2020-09-03,0.0,16.084387
2020-09-04,0.0,7.9187946
2020-09-05,0.0,3.0111694
2020-09-06,0.0,0.7965584
2020-09-07,0.0,0.5891762
2020-09-08,0.0,13.483728
2020-09-09,0.0,74.38343
2020-09-10,0.0,80.79903
2020-09-11,0.0,212.56998
2020-09-12,0.0,148.24785
2020-09-13,0.0,92.32793
2020-09-14,0.0,52.163094
2020-09-15,0.0,30.763487
2020-09-16,0.0,18.2406
2020-09-17,0.0,12.154158
2020-09-18,0.0,9.222099
2020-09-19,0.0,10.64572
2020-09-20,0.0,11.170372
2020-09-21,0.0,10.206312
2020-09-22,0.0,7.7297325
2020-09-23,0.0,8.004055
2020-09-24,0.0,5.549835
2020-09-25,0.0,6.6380997
2020-09-26,0.0,6.8333893
2020-09-27,0.0,4.773308
2020-09-28,0.0,2.303936
2020-09-29,0.0,8.644712
2020-09-30,0.0,12.819462
2020-10-01,0.0,12.874762
2020-10-02,0.0,12.510941
2020-10-03,0.0,11.027945
2020-10-04,0.0,12.625826
2020-10-05,0.0,12.4153595
2020-10-06,0.0,11.75132
2020-10-07,0.0,11.704277
2020-10-08,0.0,11.550932
2020-10-09,0.0,11.313179
2020-10-10,0.0,10.515348
2020-10-11,0.0,11.333601
2020-10-12,0.0,11.506979
2020-10-13,0.0,12.701874
2020-10-14,0.0,13.802303
2020-10-15,0.0,12.113663
2020-10-16,0.0,10.54373
2020-10-17,0.0,11.885864
2020-10-18,0.0,12.882254
2020-10-19,0.0,13.042032
2020-10-20,0.0,12.4165325
2020-10-21,0.0,12.995022
2020-10-22,0.0,12.916943
2020-10-23,0.0,12.518133
2020-10-24,0.0,13.716
2020-10-25,0.0,7.8292465
2020-10-26,0.0,0.0
2020-10-27,0.0,0.0
2020-10-28,0.0,21.081333
2020-10-29,0.0,77.55
2020-10-30,0.0,43.480103
2020-10-31,0.0,34.088367
2020-11-01,0.0,22.580864
2020-11-02,0.0,15.921221
2020-11-03,0.0,14.350237
2020-11-04,0.0,12.887211
2020-11-05,0.0,12.536036
2020-11-06,0.0,12.870108
2020-11-07,0.0,10.169781
2020-11-08,0.0,21.830341
2020-11-09,0.0,20.023653
2020-11-10,0.0,15.553789
2020-11-11,0.0,11.978741
2020-11-12,0.0,10.091232
2020-11-13,0.0,10.954418
2020-11-14,0.0,10.055552
2020-11-15,0.0,7.483055
2020-11-16,0.0,9.719099
2020-11-17,0.0,9.391138
2020-11-18,0.0,11.161322
2020-11-19,0.0,11.989609
2020-11-20,0.0,11.31986
2020-11-21,0.0,11.616465
2020-11-22,0.0,9.002623
2020-11-23,0.0,11.571491
2020-11-24,0.0,7.3975334
2020-11-25,0.0,3.2965698
2020-11-26,0.0,5.239563
2020-11-27,0.0,1.1038399
2020-11-28,0.0,12.215441
2020-11-29,0.0,9.448692
2020-11-30,0.0,6.591915
2020-12-01,0.0,3.2253761
2020-12-02,0.0,0.0
2020-12-03,0.0,4.275116
2020-12-04,0.0,6.361679
2020-12-05,0.0,4.4997787
2020-12-06,0.0,2.86203
2020-12-07,0.0,4.9363823
2020-12-08,0.0,5.767521
2020-12-09,0.0,4.8857
2020-12-10,0.0,0.0
2020-12-11,0.0,17.809721
2020-12-12,0.0,13.428898
2020-12-13,0.0,9.636385
2020-12-14,0.0,6.525852
2020-12-15,0.0,5.7250023
2020-12-16,0.0,1.8082886
2020-12-17,0.0,3.135254
2020-12-18,0.0,4.493393
2020-12-19,0.0,2.8298988
2020-12-20,0.0,4.951538
2020-12-21,0.0,6.443329
2020-12-22,0.0,6.347786
2020-12-23,0.0,1.7970543
2020-12-24,0.0,0.0
2020-12-25,0.0,2.75037
2020-12-26,0.0,5.214649
2020-12-27,0.0,9.004576
2020-12-28,0.0,11.531912
2020-12-29,0.0,4.573204
2020-12-30,0.0,3.0857582
