date,obs,med
2015-11-06,0.274303394,14.289584
2015-11-07,0.137151312,13.128106
2015-11-08,0.0,9.927789
2015-11-09,0.0,8.027198
2015-11-10,0.0,7.2484856
2015-11-11,0.0,5.0980024
2015-11-12,0.137151312,1.3271163
2015-11-13,0.137151312,3.415621
2015-11-14,0.137151312,5.3027277
2015-11-15,0.137151312,0.0
2015-11-16,0.137151312,0.0
2015-11-17,0.0,11.792492
2015-11-18,0.0,20.344135
2015-11-19,0.0,10.509006
2015-11-20,0.0,9.559478
2015-11-21,0.0,4.633665
2015-11-22,0.0,2.6998463
2015-11-23,0.0,3.3856266
2015-11-24,0.0,4.6676583
2015-11-25,0.0,6.4901514
2015-11-26,0.137151312,6.4183645
2015-11-27,0.137151312,3.6457338
2015-11-28,0.0,3.6966114
2015-11-29,0.0,3.7612758
2015-11-30,0.0,0.0
2015-12-01,0.0,0.0
2015-12-02,0.0,0.0
2015-12-03,0.0,0.49636468
2015-12-04,0.0,5.05598
2015-12-05,0.0,1.2488081
2015-12-06,0.0,0.0
2015-12-07,0.0,0.0
2015-12-08,0.0,0.0
2015-12-09,0.0,0.41683936
2015-12-10,0.0,0.46057448
2015-12-11,0.0,0.60482943
2015-12-12,0.0,0.0
2015-12-13,0.0,2.091398
2015-12-14,0.0,1.1872556
2015-12-15,0.0,0.0
2015-12-16,0.0,0.0
2015-12-17,0.0,0.0
2015-12-18,0.0,0.0
2015-12-19,0.0,0.0
2015-12-20,0.0,0.44885215
2015-12-21,0.0,2.1564999
2015-12-22,0.0,0.0
2015-12-23,0.0,0.0
2015-12-24,0.0,3.299428
2015-12-25,0.0,2.2583466
2015-12-26,0.0,0.0
2015-12-27,0.0,0.0
2015-12-28,0.0,0.0
2015-12-29,0.0,0.0
2015-12-30,0.0,0.0
2015-12-31,0.0,0.0
2016-01-01,0.0,0.0
2016-01-02,0.0,0.0
2016-01-03,0.0,0.0
2016-01-04,0.0,0.0
2016-01-05,0.0,2.0148222
2016-01-06,0.0,0.4577652
2016-01-07,0.0,0.0
2016-01-08,0.0,1.894393
2016-01-09,0.0,2.8865862
2016-01-10,0.0,0.0
2016-01-11,0.0,0.0
2016-01-12,0.0,0.25193003
2016-01-13,0.0,0.0
2016-01-14,0.0,0.0
2016-01-15,0.0,0.0
2016-01-16,0.0,0.50585544
2016-01-17,0.0,0.9016485
2016-01-18,0.0,0.2818081
2016-01-19,0.0,2.8051536
2016-01-20,0.0,2.6983654
2016-01-21,0.0,0.0
2016-01-22,0.0,1.0901135
2016-01-23,0.0,1.2833922
2016-01-24,0.0,1.6039248
2016-01-25,0.0,0.0
2016-01-26,0.0,0.0
2016-01-27,0.0,0.5529226
2016-01-28,0.0,1.2336686
2016-01-29,0.0,1.6937783
2016-01-30,0.0,2.6822524
2016-01-31,0.0,2.6180198
2016-02-01,0.0,1.0034797
2016-02-02,0.0,2.4667878
2016-02-03,0.0,0.0
2016-02-04,0.0,0.2850596
2016-02-05,0.0,0.0
2016-02-06,0.0,0.0
2016-02-07,0.0,0.89613736
2016-02-08,0.0,1.0591686
2016-02-09,0.0,1.9182343
2016-02-10,0.0,1.8161184
2016-02-11,0.0,2.3595219
2016-02-12,0.0,3.1042845
2016-02-13,0.0,2.5458233
2016-02-14,0.0,1.570589
2016-02-15,0.0,2.7610383
2016-02-16,14.26376105,3.483597
2016-02-17,80.91942019,10.796452
2016-02-18,51.43183043,34.98045
2016-02-19,34.1507359,19.669939
2016-02-20,28.11606894,20.792685
2016-02-21,18.92691489,18.333408
2016-02-22,14.12660743,13.153356
2016-02-23,24.13867552,8.812672
2016-02-24,25.9216418,14.124273
2016-02-25,24.82442822,13.555379
2016-02-26,20.29842801,13.0447445
2016-02-27,14.12660743,12.53151
2016-02-28,11.79503436,13.304083
2016-02-29,7.406187773,12.559353
2016-03-01,4.114547051,13.247961
2016-03-02,1.782973984,10.459283
2016-03-03,0.685758099,8.040555
2016-03-04,0.274303394,7.7924976
2016-03-05,0.137151312,7.882276
2016-03-06,0.0,8.192612
2016-03-07,0.0,7.457014
2016-03-08,0.0,6.0641966
2016-03-09,0.0,4.114408
2016-03-10,0.0,6.06344
2016-03-11,0.0,2.8956747
2016-03-12,0.0,3.516757
2016-03-13,0.0,3.7970285
2016-03-14,0.0,6.6759706
2016-03-15,0.0,5.4549985
2016-03-16,0.0,6.3254414
2016-03-17,0.0,5.9956074
2016-03-18,0.0,7.4131684
2016-03-19,0.0,5.381096
2016-03-20,0.0,6.4059753
2016-03-21,0.0,5.2905984
2016-03-22,0.0,4.617585
2016-03-23,0.0,1.3705521
2016-03-24,0.0,1.4763525
2016-03-25,0.0,3.3110034
2016-03-26,0.0,3.8518152
2016-03-27,0.0,1.8705963
2016-03-28,0.0,2.6197174
2016-03-29,0.0,3.3835762
2016-03-30,0.0,1.2885267
2016-03-31,0.0,1.431165
2016-04-01,0.0,2.3811812
2016-04-02,0.0,5.7394276
2016-04-03,0.0,7.787394
2016-04-04,0.0,8.075065
2016-04-05,0.0,9.276104
2016-04-06,0.0,7.4526567
2016-04-07,0.0,6.7804813
2016-04-08,0.137151312,3.2058396
2016-04-09,0.137151312,17.15756
2016-04-10,0.0,18.8953
2016-04-11,0.0,12.276999
2016-04-12,0.137151312,10.547261
2016-04-13,0.0,14.128716
2016-04-14,0.0,13.46809
2016-04-15,0.0,10.619117
2016-04-16,0.0,2.9557104
2016-04-17,0.0,8.373467
2016-04-18,0.0,14.361296
2016-04-19,0.0,20.15859
2016-04-20,0.0,18.351036
2016-04-21,0.0,12.598824
2016-04-22,1.508666738,11.132182
2016-04-23,9.874914462,11.348126
2016-04-24,3.291640722,15.044624
2016-04-25,0.411454705,13.368647
2016-04-26,0.0,8.1778345
2016-04-27,0.0,9.385259
2016-04-28,0.0,9.278011
2016-04-29,0.960059951,5.1877494
2016-04-30,8.503393642,0.15358737
2016-05-01,6.446120117,2.7192922
2016-05-02,5.348914247,0.06291339
2016-05-03,5.348914247,112.46761
2016-05-04,5.760367412,96.5357
2016-05-05,1.920119902,65.85921
2016-05-06,0.137151312,35.69061
2016-05-07,0.0,19.810354
2016-05-08,0.0,14.794461
2016-05-09,0.0,14.505517
2016-05-10,0.0,8.010604
2016-05-11,0.0,10.814111
2016-05-12,0.411454705,7.987399
2016-05-13,2.057273525,8.058729
2016-05-14,0.822906328,11.645225
2016-05-15,0.137151312,5.6504364
2016-05-16,0.0,2.5187407
2016-05-17,0.137151312,1.2769608
2016-05-18,0.960059951,7.1179957
2016-05-19,5.211760625,13.099586
2016-05-20,12.75509432,21.881046
2016-05-21,10.149214,28.59603
2016-05-22,4.526000215,21.645763
2016-05-23,1.508666738,15.616279
2016-05-24,0.0,11.864294
2016-05-25,0.0,10.255084
2016-05-26,0.0,9.727392
2016-05-27,0.0,14.995494
2016-05-28,0.0,14.998269
2016-05-29,0.0,8.274767
2016-05-30,0.0,5.41815
2016-05-31,0.0,5.4866095
2016-06-01,0.0,7.1489954
2016-06-02,0.0,12.823262
2016-06-03,0.0,5.4055333
2016-06-04,0.0,2.5029364
2016-06-05,0.0,0.0
2016-06-06,0.0,2.9449763
2016-06-07,0.0,2.7350168
2016-06-08,0.0,0.5420877
2016-06-09,0.0,1.6736267
2016-06-10,0.0,0.0
2016-06-11,0.0,0.017640442
2016-06-12,0.0,1.3199854
2016-06-13,0.0,0.25748238
2016-06-14,0.0,0.15837595
2016-06-15,0.0,4.1914916
2016-06-16,0.0,4.618139
2016-06-17,0.0,2.7289526
2016-06-18,0.0,0.9812212
2016-06-19,0.0,1.3835775
2016-06-20,0.0,0.0
2016-06-21,0.0,0.0
2016-06-22,0.0,0.0
2016-06-23,0.0,0.21014574
2016-06-24,0.0,2.1160817
2016-06-25,0.0,0.0
2016-06-26,0.0,0.0
2016-06-27,0.0,0.0
2016-06-28,0.0,0.0
2016-06-29,0.0,0.0
2016-06-30,0.0,0.0
2016-07-01,0.0,0.0
2016-07-02,0.0,14.9810915
2016-07-03,0.0,18.76008
2016-07-04,0.0,10.296153
2016-07-05,0.0,4.0122905
2016-07-06,0.0,0.07350543
2016-07-07,0.0,0.0
2016-07-08,0.0,0.0
2016-07-09,0.0,0.0
2016-07-10,0.0,0.0
2016-07-11,0.0,0.0
2016-07-12,0.0,0.0
2016-07-13,0.0,0.0
2016-07-14,0.0,0.0
2016-07-15,0.0,0.0
2016-07-16,0.0,0.0
2016-07-17,0.0,0.0
2016-07-18,0.0,0.0
2016-07-19,0.0,1.4045058
2016-07-20,0.0,9.1458025
2016-07-21,0.0,7.3205423
2016-07-22,0.0,4.9985304
2016-07-23,0.0,0.0
2016-07-24,0.0,0.0
2016-07-25,0.0,4.9108562
2016-07-26,0.0,9.340619
2016-07-27,0.0,17.024698
2016-07-28,0.0,16.061628
2016-07-29,0.0,5.0968866
2016-07-30,0.0,5.6334224
2016-07-31,0.0,9.37289
2016-08-01,0.0,8.5410595
2016-08-02,0.0,14.954108
2016-08-03,0.0,18.106659
2016-08-04,0.0,25.973705
2016-08-05,0.0,39.04993
2016-08-06,0.0,52.37599
2016-08-07,0.0,56.2355
2016-08-08,92.9887541,55.86808
2016-08-09,202.9843032,113.97668
2016-08-10,234.5291588,113.32905
2016-08-11,81.46802698,80.861305
2016-08-12,4.114547051,75.90368
2016-08-13,0.137151312,34.51365
2016-08-14,0.137151312,17.360918
2016-08-15,0.0,12.333293
2016-08-16,0.0,4.581176
2016-08-17,9.189154052,1.2257377
2016-08-18,18.3783081,8.247636
2016-08-19,4.388846592,30.542862
2016-08-20,2.057273525,25.994354
2016-08-21,0.137151312,20.808958
2016-08-22,0.0,25.945776
2016-08-23,30.85910288,29.20445
2016-08-24,3.840239805,84.49861
2016-08-25,18.24115448,41.18631
2016-08-26,198.8697561,58.637753
2016-08-27,85.85687357,77.07412
2016-08-28,54.17486436,43.391975
2016-08-29,24.13867552,41.07622
2016-08-30,107.5268224,31.270348
2016-08-31,47.454437,34.62013
2016-09-01,10.97212804,16.63357
2016-09-02,2.194427148,7.186124
2016-09-03,0.274303394,12.757773
2016-09-04,0.0,13.456292
2016-09-05,0.0,7.789913
2016-09-06,0.0,3.6602879
2016-09-07,4.80030746,6.8405757
2016-09-08,15.08666738,21.61944
2016-09-09,6.446120117,17.286139
2016-09-10,1.645820361,8.346827
2016-09-11,0.411454705,5.1677475
2016-09-12,0.274303394,9.618171
2016-09-13,0.0,15.168057
2016-09-14,0.0,12.97849
2016-09-15,24.00152189,8.617019
2016-09-16,38.53959019,16.82124
2016-09-17,7.817640937,17.725384
2016-09-18,3.977393428,13.003479
2016-09-19,4.663153838,12.840429
2016-09-20,3.977393428,11.553697
2016-09-21,2.194427148,8.26556
2016-09-22,11.3835812,18.73971
2016-09-23,3.428786641,35.73104
2016-09-24,1.645820361,40.02233
2016-09-25,153.6097386,28.36072
2016-09-26,62.40395846,40.41716
2016-09-27,22.21855561,23.725487
2016-09-28,13.44085473,18.787996
2016-09-29,6.308974199,39.103153
2016-09-30,5.211760625,63.20858
2016-10-01,7.26903415,104.70632
2016-10-02,0.822906328,101.708206
2016-10-03,0.137151312,60.122692
2016-10-04,0.0,36.53923
2016-10-05,0.0,23.26581
2016-10-06,0.0,13.956328
2016-10-07,0.0,8.152835
2016-10-08,0.0,5.1205854
2016-10-09,0.0,15.346453
2016-10-10,0.0,25.51468
2016-10-11,19.47552168,22.78576
2016-10-12,14.12660743,31.190084
2016-10-13,3.017333476,21.203644
2016-10-14,0.411454705,10.38798
2016-10-15,0.137151312,9.103255
2016-10-16,0.137151312,6.3052864
2016-10-17,0.137151312,6.0196724
2016-10-18,0.137151312,3.2040014
2016-10-19,0.137151312,2.6557384
2016-10-20,0.137151312,0.27431327
2016-10-21,0.137151312,2.4949203
2016-10-22,0.137151312,2.305335
2016-10-23,0.137151312,4.329337
2016-10-24,0.137151312,4.3769507
2016-10-25,0.137151312,8.277171
2016-10-26,0.137151312,5.858186
2016-10-27,0.137151312,3.9365096
2016-10-28,0.137151312,4.0427246
2016-10-29,0.137151312,2.7175705
2016-10-30,0.137151312,2.2392097
2016-10-31,0.137151312,2.9971907
2016-11-01,0.137151312,2.2231221
2016-11-02,0.137151312,0.6921718
2016-11-03,0.137151312,2.2980397
2016-11-04,26.60740221,21.299498
2016-11-05,73.78753966,104.44361
2016-11-06,403.2255724,320.61377
2016-11-07,245.5012791,596.65643
2016-11-08,233.1576457,525.7349
2016-11-09,55.27207794,280.48553
2016-11-10,31.54485558,114.558044
2016-11-11,16.32103458,87.188156
2016-11-12,8.640547265,52.475468
2016-11-13,3.017333476,35.847538
2016-11-14,0.960059951,19.2694
2016-11-15,0.411454705,15.877802
2016-11-16,0.274303394,10.452604
2016-11-17,0.137151312,8.980609
2016-11-18,0.137151312,2.9239385
2016-11-19,0.137151312,3.2538946
2016-11-20,0.137151312,2.4570394
2016-11-21,0.137151312,0.9990761
2016-11-22,0.137151312,13.83178
2016-11-23,0.137151312,13.488896
2016-11-24,0.137151312,9.970834
2016-11-25,0.137151312,6.259486
2016-11-26,0.137151312,5.3292265
2016-11-27,2.605880312,1.8491391
2016-11-28,4.526000215,5.496215
2016-11-29,1.508666738,7.578951
2016-11-30,0.548606017,3.6659994
2016-12-01,0.274303394,1.2683064
2016-12-02,0.137151312,3.0914674
2016-12-03,0.137151312,1.2234528
2016-12-04,0.137151312,1.271867
2016-12-05,0.137151312,1.3874516
2016-12-06,0.137151312,2.6648707
2016-12-07,0.137151312,0.98276687
2016-12-08,0.137151312,1.4415458
2016-12-09,0.137151312,2.794754
2016-12-10,0.0,2.5617404
2016-12-11,0.0,2.6521726
2016-12-12,0.0,1.8760858
2016-12-13,0.0,2.6915147
2016-12-14,0.0,3.4241533
2016-12-15,0.0,2.8526182
2016-12-16,0.0,0.41218358
2016-12-17,0.0,7.94825
2016-12-18,0.0,11.923364
2016-12-19,0.0,10.1662445
2016-12-20,0.0,4.7792187
2016-12-21,0.0,3.5135999
2016-12-22,0.0,0.40192637
2016-12-23,0.0,26.065664
2016-12-24,0.0,143.69756
2016-12-25,0.0,123.479965
2016-12-26,0.0,55.30097
2016-12-27,0.274303394,39.320614
2016-12-28,0.137151312,26.589907
2016-12-29,0.137151312,15.67048
2016-12-30,0.274303394,8.807971
2017-01-01,0.137151312,7.091421
2017-01-02,0.137151312,8.252904
2017-01-03,0.137151312,8.371593
2017-01-04,0.137151312,6.499467
2017-01-05,0.0,5.4871745
2017-01-06,0.0,5.6827397
2017-01-07,0.0,4.809147
2017-01-08,0.0,5.1253233
2017-01-09,0.0,5.0516753
2017-01-10,0.0,7.3741503
2017-01-11,0.0,7.176618
2017-01-12,0.0,5.407775
2017-01-13,0.0,5.801789
2017-01-14,0.0,0.0
2017-01-15,3.840239805,11.970986
2017-01-16,34.56218906,0.2619123
2017-01-17,34.1507359,147.09612
2017-01-18,21.12134204,199.84253
2017-01-19,34.42504314,124.08904
2017-01-20,35.11079585,175.73499
2017-01-21,32.9163764,148.26985
2017-01-22,30.85910288,100.840065
2017-01-23,26.33309496,111.89879
2017-01-24,19.20121443,81.19138
2017-01-25,13.44085473,58.204792
2017-01-26,4.388846592,38.70461
2017-01-27,2.880179854,19.883785
2017-01-28,3.703093886,14.054151
2017-01-29,0.685758099,13.868564
2017-01-30,0.685758099,11.6518545
2017-01-31,0.548606017,11.333327
2017-02-01,0.822906328,11.300534
2017-02-02,0.411454705,10.725242
2017-02-03,0.274303394,9.657589
2017-02-04,0.274303394,8.362308
2017-02-05,0.548606017,8.409442
2017-02-06,0.548606017,8.019565
2017-02-07,0.274303394,8.604003
2017-02-08,0.274303394,8.567368
2017-02-09,0.137151312,8.560584
2017-02-10,0.137151312,8.416648
2017-02-11,0.137151312,7.9980383
2017-02-12,0.137151312,0.405758
2017-02-13,0.137151312,6.2272825
2017-02-14,0.137151312,11.298856
2017-02-15,0.137151312,24.3751
2017-02-16,0.137151312,13.074988
2017-02-17,0.137151312,8.483333
2017-02-18,0.822906328,6.3938065
2017-02-19,0.960059951,9.14021
2017-02-20,0.685758099,12.732971
2017-02-21,3.291640722,9.110404
2017-02-22,4.526000215,13.392864
2017-02-23,1.097213574,16.104042
2017-02-24,0.137151312,3.8383257
2017-02-25,0.0,3.1339824
2017-02-26,0.0,3.915826
2017-02-27,0.0,2.9006124
2017-02-28,0.0,5.6374245
2017-03-01,0.0,7.9993505
2017-03-02,0.0,7.9570885
2017-03-03,0.0,5.7225676
2017-03-04,0.0,5.186663
2017-03-05,0.0,4.894864
2017-03-06,0.0,3.8856885
2017-03-07,0.0,2.909407
2017-03-08,0.0,4.4127007
2017-03-09,0.0,3.9142532
2017-03-10,0.0,3.8058796
2017-03-11,0.0,4.1642237
2017-03-12,0.0,3.8210058
2017-03-13,0.0,3.9279382
2017-03-14,0.0,4.0071144
2017-03-15,0.0,3.9262419
2017-03-16,0.0,4.359426
2017-03-17,0.0,4.529005
2017-03-18,0.0,4.647147
2017-03-19,0.0,4.7059503
2017-03-20,0.0,4.3257847
2017-03-21,0.0,4.4813647
2017-03-22,0.0,4.510748
2017-03-23,0.0,2.3181438
2017-03-24,0.0,7.991802
2017-03-25,0.0,8.295212
2017-03-26,0.0,8.552451
2017-03-27,0.0,6.0228634
2017-03-28,0.0,3.6366625
2017-03-29,0.0,10.033902
2017-03-30,0.0,12.565635
2017-03-31,0.0,8.998019
2017-04-01,0.0,3.0423794
2017-04-02,0.0,9.035124
2017-04-03,0.0,12.151528
2017-04-04,0.0,9.971197
2017-04-05,0.548606017,9.16935
2017-04-06,2.468726689,8.829402
2017-04-07,2.880179854,13.040488
2017-04-08,2.605880312,14.078663
2017-04-09,1.645820361,12.927922
2017-04-10,6.308974199,7.795024
2017-04-11,5.211760625,19.034803
2017-04-12,4.937453379,18.186865
2017-04-13,4.251700673,18.314743
2017-04-14,3.291640722,18.494621
2017-04-15,4.937453379,15.547219
2017-04-16,3.840239805,17.160122
2017-04-17,1.234367197,17.979244
2017-04-18,0.548606017,12.172854
2017-04-19,0.274303394,8.351318
2017-04-20,0.274303394,6.9192467
2017-04-21,11.52072712,8.21996
2017-04-22,15.63527417,21.025015
2017-04-23,20.29842801,22.810186
2017-04-24,32.09346237,24.549759
2017-04-25,41.83122321,18.765951
2017-04-26,46.22007751,37.356895
2017-04-27,42.65413724,45.74371
2017-04-28,42.51698362,26.413641
2017-04-29,48.00304379,28.063019
2017-04-30,44.98571031,49.49546
2017-05-01,33.32782957,40.025303
2017-05-02,19.88697484,32.569004
2017-05-03,14.40091468,26.57276
2017-05-04,12.75509432,23.659708
2017-05-05,8.777700888,22.959547
2017-05-06,2.743033935,19.728401
2017-05-07,0.960059951,12.28559
2017-05-08,0.274303394,10.042436
2017-05-09,0.137151312,6.755929
2017-05-10,6.58327374,5.787791
2017-05-11,21.80709475,31.581673
2017-05-12,28.11606894,51.197933
2017-05-13,40.59686372,43.67117
2017-05-14,47.72874425,29.87118
2017-05-15,41.1454628,24.27627
2017-05-16,24.96158184,18.239033
2017-05-17,28.25322257,28.203482
2017-05-18,33.87643636,35.99735
2017-05-19,36.89376983,37.003498
2017-05-20,34.97364993,31.227568
2017-05-21,29.35043614,26.356699
2017-05-22,17.55540178,24.671957
2017-05-23,11.79503436,24.41069
2017-05-24,9.052000429,22.74273
2017-05-25,5.074607002,21.945036
2017-05-26,1.234367197,12.599015
2017-05-27,0.274303394,8.797748
2017-05-28,0.137151312,8.702123
2017-05-29,0.0,9.669375
2017-05-30,0.0,10.0991955
2017-05-31,0.411454705,8.282701
2017-06-01,3.154487099,11.02401
2017-06-02,3.977393428,24.53371
2017-06-03,3.703093886,25.219288
2017-06-04,2.331573067,21.025436
2017-06-05,0.822906328,10.14368
2017-06-06,0.137151312,4.55658
2017-06-07,0.548606017,3.4593801
2017-06-08,15.36097463,3.646577
2017-06-09,0.274303394,10.293322
2017-06-10,0.0,3.2137341
2017-06-11,0.0,1.255414
2017-06-12,0.0,3.717962
2017-06-13,0.0,3.786511
2017-06-14,0.0,4.4906354
2017-06-15,0.0,4.9431505
2017-06-16,0.0,2.590916
2017-06-17,0.0,0.56609106
2017-06-18,0.0,0.085008845
2017-06-19,0.0,0.0
2017-06-20,0.0,0.0
2017-06-21,0.0,0.0
2017-06-22,0.0,0.06745553
2017-06-23,0.0,0.36362842
2017-06-24,0.0,0.0
2017-06-25,0.0,0.19604187
2017-06-26,0.0,10.04602
2017-06-27,0.0,9.717706
2017-06-28,0.0,3.1839318
2017-06-29,0.0,0.76131725
2017-06-30,0.0,0.0
2017-07-01,0.0,0.0
2017-07-02,0.0,0.0
2017-07-03,0.0,1.0255687
2017-07-04,0.0,0.6575662
2017-07-05,0.0,0.3262796
2017-07-06,0.0,0.0
2017-07-07,0.0,0.0
2017-07-08,0.0,0.0
2017-07-09,0.0,1.4603033
2017-07-10,0.0,8.349732
2017-07-11,0.0,4.3028526
2017-07-12,0.0,9.793809
2017-07-13,0.137151312,18.130167
2017-07-14,0.0,25.889902
2017-07-15,0.0,28.954865
2017-07-16,0.0,19.92277
2017-07-17,0.0,13.963294
2017-07-18,2.605880312,11.515853
2017-07-19,0.137151312,13.872598
2017-07-20,0.0,5.716094
2017-07-21,0.0,1.7524104
2017-07-22,0.0,6.8136916
2017-07-23,0.0,7.0232
2017-07-24,0.0,5.710808
2017-07-25,0.0,9.138573
2017-07-26,0.0,10.86222
2017-07-27,0.0,7.7523766
2017-07-28,0.0,16.19636
2017-07-29,0.0,27.196104
2017-07-30,0.0,46.879765
2017-07-31,13.57800064,67.52502
2017-08-01,4.80030746,134.18652
2017-08-02,21.39564158,120.38211
2017-08-03,53.62625758,160.6459
2017-08-04,6.58327374,110.537254
2017-08-05,11.93218799,46.998035
2017-08-06,4.251700673,63.47679
2017-08-07,7.131880527,42.07464
2017-08-08,28.80182935,28.42918
2017-08-09,20.02412847,16.552622
2017-08-10,4.251700673,9.8775
2017-08-11,1.234367197,2.126521
2017-08-12,1.234367197,49.446774
2017-08-13,7.680487314,65.503334
2017-08-14,2.331573067,78.018456
2017-08-15,0.548606017,35.152035
2017-08-16,0.274303394,17.591465
2017-08-17,0.274303394,10.890895
2017-08-18,0.274303394,5.853486
2017-08-19,0.274303394,2.4104276
2017-08-20,0.411454705,0.0
2017-08-21,7.406187773,15.349956
2017-08-22,5.623213789,30.600943
2017-08-23,0.960059951,32.64977
2017-08-24,0.411454705,23.06543
2017-08-25,0.274303394,19.754734
2017-08-26,0.274303394,12.974587
2017-08-27,0.274303394,10.007761
2017-08-28,0.274303394,4.727689
2017-08-29,0.274303394,2.619432
2017-08-30,0.548606017,3.687888
2017-08-31,2.194427148,2.7097335
2017-09-01,0.411454705,3.0868516
2017-09-02,0.411454705,1.0236976
2017-09-03,0.274303394,0.6181823
2017-09-04,0.274303394,0.50443935
2017-09-05,0.274303394,0.0
2017-09-06,0.411454705,0.0
2017-09-07,0.411454705,0.0
2017-09-08,0.411454705,2.9565187
2017-09-09,0.274303394,2.9176178
2017-09-10,0.274303394,0.66218233
2017-09-11,0.274303394,1.0811751
2017-09-12,0.274303394,0.5443634
2017-09-13,0.411454705,2.2106938
2017-09-14,0.274303394,1.1719328
2017-09-15,0.411454705,14.133746
2017-09-16,0.274303394,14.404704
2017-09-17,0.274303394,11.532472
2017-09-18,0.274303394,6.778467
2017-09-19,0.274303394,3.8727822
2017-09-20,0.137151312,2.0067387
2017-09-21,0.137151312,1.7723843
2017-09-22,0.0,2.1011686
2017-09-23,0.0,0.0
2017-09-24,0.0,8.450233
2017-09-25,0.0,6.2025533
2017-09-26,0.0,1.5961907
2017-09-27,0.411454705,34.29787
2017-09-28,108.3497287,103.676025
2017-09-29,359.3370757,577.5491
2017-09-30,3757.952593,1015.1116
2017-10-01,1426.376167,2098.355
2017-10-02,2660.740159,1374.9095
2017-10-03,2551.018917,809.7942
2017-10-04,2907.612959,1226.727
2017-10-05,1138.357904,1708.398
2017-10-06,1741.824746,487.17865
2017-10-07,1563.527725,1039.1533
2017-10-08,2153.279405,1125.5173
2017-10-09,1338.599174,1519.9625
2017-10-10,122.064883,1166.1692
2017-10-11,38.12812932,79.682045
2017-10-12,21.66994883,50.011715
2017-10-13,13.16654748,37.117226
2017-10-14,5.486060166,32.617516
2017-10-15,1.508666738,25.766039
2017-10-16,0.685758099,24.555277
2017-10-17,0.411454705,19.422129
2017-10-18,0.274303394,20.833117
2017-10-19,0.274303394,18.25809
2017-10-20,0.274303394,28.016155
2017-10-21,0.137151312,25.711637
2017-10-22,0.137151312,18.369835
2017-10-23,0.137151312,14.17417
2017-10-24,0.137151312,13.205921
2017-10-25,0.137151312,9.080914
2017-10-26,0.137151312,16.809404
2017-10-27,0.137151312,14.57069
2017-10-28,0.137151312,12.636025
2017-10-29,0.137151312,14.606
2017-10-30,0.137151312,16.624437
2017-10-31,0.137151312,19.072603
2017-11-01,0.137151312,21.77237
2017-11-02,0.137151312,17.451378
2017-11-03,0.137151312,18.59674
2017-11-04,0.137151312,20.14427
2017-11-05,0.137151312,9.984715
2017-11-06,0.137151312,10.222884
2017-11-07,0.137151312,5.2162495
2017-11-08,0.137151312,7.729643
2017-11-09,0.137151312,1.4262927
2017-11-10,0.137151312,12.748349
2017-11-11,0.137151312,3.777374
2017-11-12,0.137151312,1.3862511
2017-11-13,0.137151312,3.9620388
2017-11-14,0.137151312,1.8460641
2017-11-15,0.137151312,1.710769
2017-11-16,0.137151312,1.5762751
2017-11-17,0.137151312,3.1633599
2017-11-18,0.137151312,0.22470984
2017-11-19,0.137151312,0.0
2017-11-20,0.137151312,0.0
2017-11-21,0.137151312,4.8238697
2017-11-22,0.137151312,2.044868
2017-11-23,0.137151312,2.474139
2017-11-24,0.137151312,1.5846723
2017-11-25,0.0,2.2164183
2017-11-26,0.0,1.9160058
2017-11-27,0.0,1.5445509
2017-11-28,0.0,2.481503
2017-11-29,0.0,1.5001944
2017-11-30,0.0,3.2250223
2017-12-01,0.0,3.0930724
2017-12-02,0.0,2.5350604
2017-12-03,0.0,6.219241
2017-12-04,0.0,4.848266
2017-12-05,0.0,2.990103
2017-12-06,0.0,1.8997068
2017-12-07,0.0,0.7633747
2017-12-08,0.0,1.5398184
2017-12-09,0.0,3.6062138
2017-12-10,0.0,2.946487
2017-12-11,0.0,2.3175516
2017-12-12,0.0,2.1636462
2017-12-13,0.0,2.7016373
2017-12-14,0.0,0.7467797
2017-12-15,0.0,0.0
2017-12-16,0.0,0.8537576
2017-12-17,0.0,4.5296907
2017-12-18,0.0,1.9103111
2017-12-19,0.0,2.904387
2017-12-20,0.0,2.8989773
2017-12-21,0.0,0.90094495
2017-12-22,0.0,0.48688826
2017-12-23,0.0,1.15725
2017-12-24,0.0,2.508667
2017-12-25,0.0,4.932186
2017-12-26,0.0,6.3144655
2017-12-27,0.0,0.5684632
2017-12-28,0.0,0.84368503
2017-12-29,0.0,0.70865464
2017-12-30,0.0,1.8248711
2017-12-31,0.0,3.5092256
2018-01-01,0.0,2.5755787
2018-01-02,0.0,1.6081917
2018-01-03,0.0,1.0283391
2018-01-04,0.0,3.7672653
2018-01-05,0.0,2.6135335
2018-01-06,0.0,4.7531805
2018-01-07,0.0,7.3350086
2018-01-08,0.0,4.758526
2018-01-09,0.0,3.2640214
2018-01-10,0.0,4.8303814
2018-01-11,0.0,8.098966
2018-01-12,0.0,6.5655365
2018-01-13,0.0,0.46661142
2018-01-14,0.0,0.0
2018-01-15,0.0,0.0
2018-01-16,0.0,0.0
2018-01-17,0.0,0.0
2018-01-18,0.0,0.0
2018-01-19,0.0,0.26711705
2018-01-20,0.0,0.0
2018-01-21,0.0,0.0
2018-01-22,0.0,0.0
2018-01-23,0.0,0.0
2018-01-24,0.0,0.0
2018-01-25,0.0,0.0
2018-01-26,0.0,0.0
2018-01-27,0.0,0.0
2018-01-28,0.0,0.0
2018-01-29,0.0,0.0
2018-01-30,0.0,0.20598733
2018-01-31,0.0,0.6781318
2018-02-01,0.0,1.1286556
2018-02-02,0.0,0.66173506
2018-02-03,0.0,1.6936808
2018-02-04,0.0,1.2012212
2018-02-05,0.0,2.3931644
2018-02-06,0.0,1.4190264
2018-02-07,0.0,0.0
2018-02-08,0.0,1.1209711
2018-02-09,0.0,2.1498408
2018-02-10,0.0,1.219324
2018-02-11,0.0,0.0
2018-02-12,0.0,1.1524562
2018-02-13,0.0,2.0048985
2018-02-14,0.0,0.0
2018-02-15,0.0,2.789857
2018-02-16,0.0,8.253999
2018-02-17,0.0,9.847785
2018-02-18,0.0,5.684579
2018-02-19,0.0,2.7385266
2018-02-20,0.0,0.5769596
2018-02-21,0.0,0.28777036
2018-02-22,0.0,1.8554236
2018-02-23,0.0,0.43854848
2018-02-24,0.0,0.7906687
2018-02-25,0.0,0.0
2018-02-26,0.0,0.0
2018-02-27,0.0,0.671293
2018-02-28,0.0,0.15902025
2018-03-01,0.0,0.5614569
2018-03-02,0.0,1.6148372
2018-03-03,0.0,1.6328717
2018-03-04,0.0,2.666689
2018-03-05,0.0,0.0
2018-03-06,0.0,0.69405544
2018-03-07,0.0,0.0
2018-03-08,0.0,1.9315532
2018-03-09,0.0,3.7024238
2018-03-10,0.0,4.549883
2018-03-11,0.0,1.0838856
2018-03-12,0.0,8.678835
2018-03-13,0.0,9.79259
2018-03-14,0.0,7.596707
2018-03-15,0.0,3.9391012
2018-03-16,0.0,5.3640203
2018-03-17,0.0,5.428228
2018-03-18,0.0,3.4150589
2018-03-19,0.0,1.203476
2018-03-20,0.0,1.3602121
2018-03-21,0.0,3.0990112
2018-03-22,0.0,4.2572174
2018-03-23,0.0,4.657363
2018-03-24,0.0,4.056465
2018-03-25,0.0,4.6946936
2018-03-26,0.0,4.712206
2018-03-27,0.0,2.418591
2018-03-28,0.0,7.124483
2018-03-29,0.0,10.782361
2018-03-30,0.0,8.970483
2018-03-31,0.0,6.4403214
2018-04-01,0.0,6.4932957
2018-04-02,0.0,5.330439
2018-04-03,0.0,4.2795787
2018-04-04,0.0,2.721764
2018-04-05,0.0,3.2477546
2018-04-06,0.0,4.0640616
2018-04-07,0.0,6.1480484
2018-04-08,0.0,6.190555
2018-04-09,0.0,3.4573069
2018-04-10,0.0,3.7548006
2018-04-11,0.0,4.437764
2018-04-12,0.0,4.738543
2018-04-13,0.0,3.3510804
2018-04-14,0.0,3.1719427
2018-04-15,0.0,3.0402641
2018-04-16,0.0,4.41991
2018-04-17,0.0,5.879287
2018-04-18,0.0,2.1771631
2018-04-19,0.0,4.7741895
2018-04-20,0.0,4.2199354
2018-04-21,0.0,3.320305
2018-04-22,0.0,3.3709629
2018-04-23,0.0,4.6365933
2018-04-24,0.0,5.175743
2018-04-25,0.0,4.4088573
2018-04-26,0.0,4.1594753
2018-04-27,0.0,5.215638
2018-04-28,0.0,5.680956
2018-04-29,0.0,8.01114
2018-04-30,0.0,8.402847
2018-05-01,0.0,6.6952977
2018-05-02,0.0,5.481366
2018-05-03,0.0,6.3711166
2018-05-04,0.0,5.711795
2018-05-05,0.0,5.389455
2018-05-06,0.0,5.5919075
2018-05-07,0.0,4.7760644
2018-05-08,0.0,2.9020107
2018-05-09,0.0,1.1856645
2018-05-10,0.0,0.0
2018-05-11,0.0,0.0
2018-05-12,0.0,0.0
2018-05-13,0.0,0.5975965
2018-05-14,0.0,2.7762618
2018-05-15,0.0,3.1240644
2018-05-16,0.0,3.113194
2018-05-17,0.0,2.6779206
2018-05-18,0.0,1.413158
2018-05-19,0.0,2.4006894
2018-05-20,0.0,3.4287393
2018-05-21,0.411454705,1.6258166
2018-05-22,1.508666738,16.151196
2018-05-23,0.0,21.64443
2018-05-24,0.0,16.514894
2018-05-25,0.0,9.288831
2018-05-26,0.0,1.8817129
2018-05-27,0.0,0.0
2018-05-28,0.0,0.7774259
2018-05-29,0.0,2.0271344
2018-05-30,0.0,1.6369483
2018-05-31,0.0,0.0
2018-06-01,0.0,0.0
2018-06-02,0.0,0.0
2018-06-03,0.0,0.0
2018-06-04,101.6293014,4.514854
2018-06-05,20.57273525,32.22632
2018-06-06,0.137151312,8.273095
2018-06-07,0.0,1.1076729
2018-06-08,0.0,0.17391276
2018-06-09,0.0,0.0
2018-06-10,0.0,0.0
2018-06-11,0.0,0.0
2018-06-12,0.0,0.0
2018-06-13,0.0,0.0
2018-06-14,0.0,0.0
2018-06-15,0.0,0.0
2018-06-16,3.977393428,20.021269
2018-06-17,0.137151312,93.777565
2018-06-18,0.0,199.80447
2018-06-19,0.0,187.2134
2018-06-20,0.0,102.804436
2018-06-21,0.0,33.273785
2018-06-22,0.0,20.18466
2018-06-23,0.0,9.459283
2018-06-24,0.0,5.0325856
2018-06-25,0.0,0.0
2018-06-26,0.0,3.441362
2018-06-27,0.0,0.0
2018-06-28,0.0,0.0
2018-06-29,0.0,0.0
2018-06-30,0.0,0.0
2018-07-01,0.0,0.0
2018-07-02,0.0,0.0
2018-07-03,0.0,0.0
2018-07-04,0.0,0.0
2018-07-05,0.0,0.0
2018-07-06,0.0,11.33012
2018-07-07,0.0,10.100576
2018-07-08,0.0,10.3171215
2018-07-09,0.0,7.128078
2018-07-10,0.0,3.648069
2018-07-11,0.0,12.9021
2018-07-12,0.0,9.600234
2018-07-13,0.0,9.8245535
2018-07-14,0.0,26.143654
2018-07-15,0.0,23.802494
2018-07-16,36.48231667,24.221025
2018-07-17,13.02939386,62.000423
2018-07-18,103.2751217,46.179806
2018-07-19,13.57800064,51.37124
2018-07-20,19.6126753,22.084692
2018-07-21,45.39716347,10.049675
2018-07-22,6.857580986,10.6465845
2018-07-23,1.645820361,0.0
2018-07-24,0.0,18.493608
2018-07-25,0.0,25.695555
2018-07-26,906.5717718,16.27463
2018-07-27,522.5474215,261.37164
2018-07-28,96.69184798,111.12142
2018-07-29,174.1824738,114.95122
2018-07-30,249.6158261,91.19183
2018-07-31,827.0238724,88.82523
2018-08-01,378.5382901,244.22906
2018-08-02,35.38510309,177.12032
2018-08-03,9.874914462,21.741285
2018-08-04,0.960059951,9.434693
2018-08-05,0.137151312,4.628784
2018-08-06,0.0,13.399831
2018-08-07,0.0,3.7256193
2018-08-08,0.0,0.24489978
2018-08-09,0.274303394,0.0
2018-08-10,7.406187773,5.591981
2018-08-11,0.685758099,30.82081
2018-08-12,82.29093331,42.865482
2018-08-13,290.7612967,35.911564
2018-08-14,403.2255724,62.20514
2018-08-15,27.97891532,153.82794
2018-08-16,5.486060166,14.120395
2018-08-17,0.411454705,17.538647
2018-08-18,0.137151312,26.98416
2018-08-19,0.137151312,17.688135
2018-08-20,0.137151312,7.9792604
2018-08-21,0.0,0.0
2018-08-22,0.0,23.509617
2018-08-23,0.0,79.609245
2018-08-24,0.0,129.18336
2018-08-25,127.5509432,143.80954
2018-08-26,311.3340319,135.52135
2018-08-27,150.8667123,86.2183
2018-08-28,208.4703633,32.781208
2018-08-29,271.5600745,22.151497
2018-08-30,23.31576148,40.72087
2018-08-31,6.171820576,0.0
2018-09-01,0.960059951,0.0
2018-09-02,0.548606017,0.0
2018-09-03,0.137151312,0.38642785
2018-09-04,178.2970209,0.0
2018-09-05,427.912847,0.0
2018-09-06,28.11606894,116.28048
2018-09-07,0.0,0.0
2018-09-08,0.0,0.0
2018-09-09,0.411454705,0.0
2018-09-10,3.017333476,0.0
2018-09-11,1.508666738,0.0
2018-09-12,0.411454705,0.0
2018-09-13,0.274303394,0.0
2018-09-14,0.137151312,0.0
2018-09-15,0.137151312,0.0
2018-09-16,0.0,0.0
2018-09-17,0.0,0.0
2018-09-18,0.0,0.0
2018-09-19,0.0,0.0
2018-09-20,0.137151312,39.36509
2018-09-21,0.137151312,51.727825
2018-09-22,0.137151312,56.0482
2018-09-23,0.137151312,32.624332
2018-09-24,0.0,19.767195
2018-09-25,0.0,13.970654
2018-09-26,0.0,17.62221
2018-09-27,0.0,8.665269
2018-09-28,0.0,2.7570035
2018-09-29,0.0,2.6012065
2018-09-30,0.0,2.5952003
2018-10-01,0.0,1.3138891
2018-10-02,0.0,4.8055897
2018-10-03,0.0,23.385504
2018-10-04,0.0,26.33058
2018-10-05,0.0,28.6901
2018-10-06,11.93218799,21.619997
2018-10-07,1.097213574,19.411394
2018-10-08,8.914854511,13.258438
2018-10-09,3.291640722,29.685373
2018-10-10,9.737760839,19.98129
2018-10-11,1.371513115,26.2895
2018-10-12,0.274303394,12.262811
2018-10-13,0.137151312,15.864806
2018-10-14,0.137151312,7.070201
2018-10-15,0.0,8.061178
2018-10-16,0.0,9.262511
2018-10-17,0.0,9.202064
2018-10-18,0.0,8.162589
2018-10-19,0.0,5.017414
2018-10-20,0.0,3.790741
2018-10-21,0.0,2.2974002
2018-10-22,0.0,4.760002
2018-10-23,30.03618885,2.647406
2018-10-24,57.19219784,30.504902
2018-10-25,118.3617891,66.84901
2018-10-26,255.101894,60.236965
2018-10-27,175.5539869,66.58684
2018-10-28,36.20800942,72.90322
2018-10-29,18.3783081,18.920929
2018-10-30,9.737760839,12.196676
2018-10-31,4.388846592,20.794004
2018-11-01,1.782973984,25.346746
2018-11-02,0.685758099,22.074343
2018-11-03,0.274303394,15.800044
2018-11-04,0.137151312,9.476777
2018-11-05,0.137151312,12.861619
2018-11-06,0.137151312,8.527324
2018-11-07,12.89224794,6.3758125
2018-11-08,8.091940478,7.1555753
2018-11-09,2.468726689,2.8825068
2018-11-10,1.097213574,3.6536207
2018-11-11,0.411454705,4.245146
2018-11-12,0.274303394,0.0
2018-11-13,0.137151312,0.0
2018-11-14,0.137151312,1.2725974
2018-11-15,0.137151312,1.1144037
2018-11-16,0.137151312,0.8039099
2018-11-17,0.137151312,1.1811923
2018-11-18,0.0,1.2312374
2018-11-19,0.0,0.0
2018-11-20,0.0,0.0
2018-11-21,0.0,0.0
2018-11-22,0.0,0.0
2018-11-23,0.0,1.3603791
2018-11-24,0.0,0.0
2018-11-25,0.0,0.0
2018-11-26,0.0,0.0
2018-11-27,0.0,0.0
2018-11-28,0.0,2.7020297
2018-11-29,0.0,1.0877416
2018-11-30,0.0,0.0
2018-12-01,0.0,0.25971702
2018-12-02,0.0,0.52336776
2018-12-03,0.0,0.0
2018-12-04,0.0,0.0
2018-12-05,0.0,0.0
2018-12-06,0.0,0.0
2018-12-07,0.0,2.2726388
2018-12-08,0.0,3.1453567
2018-12-09,0.0,0.0
2018-12-10,0.0,0.0
2018-12-11,0.0,0.06286156
2018-12-12,0.0,0.0
2018-12-13,0.0,0.0
2018-12-14,0.0,0.4686413
2018-12-15,0.0,0.0
2018-12-16,0.0,0.0
2018-12-17,0.0,0.0
2018-12-18,0.0,0.63356996
2018-12-19,0.0,0.0
2018-12-20,0.0,0.0
2018-12-21,0.0,0.0
2018-12-22,0.0,0.0
2018-12-23,0.0,0.0
2018-12-24,0.0,0.0
2018-12-25,0.0,0.0
2018-12-26,0.0,0.0
2018-12-27,0.0,0.0
2018-12-28,0.0,0.40856376
2018-12-29,0.0,0.42957702
2018-12-30,0.0,0.4451755
2018-12-31,0.0,0.3588985
2019-01-01,0.0,0.35703602
2019-01-02,0.0,0.0
2019-01-03,0.0,0.29465538
2019-01-04,0.0,0.302577
2019-01-05,0.0,0.22617555
2019-01-06,0.0,0.0
2019-01-07,0.0,0.0
2019-01-08,0.0,0.0
2019-01-09,0.0,0.0
2019-01-10,0.0,0.0
2019-01-11,0.109721357,2.3012314
2019-01-12,0.06857581,1.7764804
2019-01-13,0.041145471,1.1639488
2019-01-14,0.027430339,2.95928
2019-01-15,0.013715131,3.2500715
2019-01-16,0.013715131,3.185811
2019-01-17,1.659534182,0.12635884
2019-01-18,0.726903415,4.3313475
2019-01-19,0.493745338,6.0786333
2019-01-20,0.480030746,6.4177337
2019-01-21,0.329164072,3.6976404
2019-01-22,0.38402398,0.05468048
2019-01-23,0.548606017,0.0
2019-01-24,0.233157307,0.0
2019-01-25,0.109721357,0.0
2019-01-26,0.096005995,0.0
2019-01-27,0.054860602,0.0
2019-01-28,0.027430339,0.0
2019-01-29,0.013715131,0.0
2019-01-30,0.0,0.0
2019-01-31,0.0,0.0
2019-02-01,0.0,0.0
2019-02-02,0.0,0.0
2019-02-03,0.0,1.0587673
2019-02-04,0.0,0.9024863
2019-02-05,0.0,1.3162091
2019-02-06,0.0,0.0
2019-02-07,0.0,0.0
2019-02-08,0.0,0.0
2019-02-09,0.0,0.0
2019-02-10,0.0,0.0
2019-02-11,0.0,0.0
2019-02-12,0.0,0.0
2019-02-13,0.0,0.0
2019-02-14,0.0,0.24380562
2019-02-15,0.0,10.372654
2019-02-16,0.0,13.464225
2019-02-17,0.0,7.036008
2019-02-18,0.0,3.689943
2019-02-19,0.0,1.072234
2019-02-20,0.0,0.7731346
2019-02-21,6.254111209,1.5976233
2019-02-22,17.69254769,5.3319182
2019-02-23,7.200457338,14.44517
2019-02-24,3.757949172,11.323691
2019-02-25,1.933833724,7.9024143
2019-02-26,1.412662284,5.726303
2019-02-27,1.028636763,5.4290276
2019-02-28,0.548606017,3.6776228
2019-03-01,0.31544871,3.3081956
2019-03-02,0.109721357,2.5264802
2019-03-03,0.041145471,4.2942886
2019-03-04,0.013715131,3.8250694
2019-03-05,25.23588909,2.64223
2019-03-06,25.78449588,14.268272
2019-03-07,15.90958142,16.855375
2019-03-08,16.86964137,10.91846
2019-03-09,17.41824815,11.016401
2019-03-10,12.82367113,11.479302
2019-03-11,7.255320328,9.888701
2019-03-12,6.281538851,6.241889
2019-03-13,3.305354544,15.065534
2019-03-14,1.796687805,20.187513
2019-03-15,0.781764864,15.243905
2019-03-16,0.493745338,9.136929
2019-03-17,0.822906328,5.9953246
2019-03-18,0.562321379,5.2906303
2019-03-19,12.06933391,3.9551387
2019-03-20,23.59006873,13.956895
2019-03-21,16.4581882,15.530697
2019-03-22,12.85109877,18.568884
2019-03-23,6.432406296,17.893023
2019-03-24,2.276717781,12.743924
2019-03-25,2.468726689,8.061212
2019-03-26,1.275508661,8.908029
2019-03-27,0.534891425,7.32243
2019-03-28,0.246872669,5.9968247
2019-03-29,0.109721357,4.822013
2019-03-30,0.041145471,1.7131232
2019-03-31,0.027430339,0.007857889
2019-04-01,0.041145471,4.5051384
2019-04-02,0.027430339,5.6524787
2019-04-03,0.013715131,4.1372538
2019-04-04,0.0,2.2997699
2019-04-05,0.0,2.3217413
2019-04-06,0.0,1.723938
2019-04-07,0.0,2.8756971
2019-04-08,0.0,2.7565181
2019-04-09,0.0,4.169587
2019-04-10,0.0,3.2708986
2019-04-11,0.0,0.8008647
2019-04-12,0.0,0.77633655
2019-04-13,0.0,2.174654
2019-04-14,0.0,2.4727411
2019-04-15,0.0,2.7404826
2019-04-16,0.0,1.1840969
2019-04-17,0.0,4.4517617
2019-04-18,0.013715131,17.482946
2019-04-19,0.0,20.98152
2019-04-20,0.0,12.205907
2019-04-21,0.0,8.879583
2019-04-22,0.0,5.2566166
2019-04-23,0.0,6.381201
2019-04-24,0.0,9.310306
2019-04-25,0.0,11.231265
2019-04-26,0.0,8.451265
2019-04-27,0.0,7.1437864
2019-04-28,0.0,3.7703211
2019-04-29,3.250491554,3.920483
2019-04-30,13.24883811,13.281217
2019-05-01,14.26376105,19.477781
2019-05-02,20.98418842,20.372353
2019-05-03,28.80182935,20.389877
2019-05-04,36.61946259,20.11873
2019-05-05,34.28788952,22.897028
2019-05-06,21.80709475,22.407846
2019-05-07,18.65260765,19.759056
2019-05-08,18.78976127,14.220365
2019-05-09,21.94424837,13.168894
2019-05-10,27.01885537,15.888182
2019-05-11,34.42504314,36.19963
2019-05-12,40.4597101,94.15161
2019-05-13,39.49965014,63.23052
2019-05-14,33.19067595,52.06628
2019-05-15,45.67147072,32.966858
2019-05-16,32.50491554,27.781128
2019-05-17,26.05879542,19.958086
2019-05-18,23.59006873,17.15354
2019-05-19,26.33309496,17.613544
2019-05-20,32.9163764,19.374163
2019-05-21,43.88849674,24.597994
2019-05-22,45.94577026,31.174402
2019-05-23,37.305223,34.86462
2019-05-24,27.01885537,31.761234
2019-05-25,22.08140199,24.21139
2019-05-26,21.5327952,20.720682
2019-05-27,12.50822242,20.900496
2019-05-28,5.06089318,17.300388
2019-05-29,1.563529728,16.096579
2019-05-30,0.5074607,13.6733675
2019-05-31,0.06857581,16.442078
2019-06-01,2.276717781,15.031094
2019-06-02,2.194427148,18.006096
2019-06-03,16.73248774,15.043131
2019-06-04,26.19594904,15.691606
2019-06-05,19.88697484,21.760897
2019-06-06,12.2476367,22.075827
2019-06-07,21.25848796,18.761944
2019-06-08,27.15600899,14.283
2019-06-09,22.08140199,20.12951
2019-06-10,12.39850414,16.331503
2019-06-11,4.69058148,19.025658
2019-06-12,1.275508661,18.460968
2019-06-13,0.740618777,12.251262
2019-06-14,0.932632308,5.556759
2019-06-15,0.109721357,4.0493536
2019-06-16,0.0,6.455022
2019-06-17,0.0,6.037972
2019-06-18,0.0,15.320604
2019-06-19,0.0,15.040581
2019-06-20,0.0,9.384103
2019-06-21,0.0,5.1768904
2019-06-22,0.0,2.855259
2019-06-23,0.0,4.846938
2019-06-24,0.0,10.006328
2019-06-25,0.0,10.016334
2019-06-26,0.0,7.1912436
2019-06-27,0.0,3.399671
2019-06-28,0.0,1.7670088
2019-06-29,0.0,0.8974229
2019-06-30,0.0,0.0
2019-07-01,0.0,0.0
2019-07-02,0.0,6.1618557
2019-07-03,0.0,0.0
2019-07-04,0.0,0.0
2019-07-05,0.0,0.0
2019-07-06,0.0,0.0
2019-07-07,0.082290633,0.848961
2019-07-08,0.0,9.428577
2019-07-09,0.0,7.600754
2019-07-10,0.0,0.38227287
2019-07-11,0.0,0.0
2019-07-12,0.0,0.0
2019-07-13,0.0,0.0
2019-07-14,0.0,0.0
2019-07-15,0.0,0.091888055
2019-07-16,0.0,0.0
2019-07-17,0.0,8.368173
2019-07-18,0.0,4.8631163
2019-07-19,0.0,0.0
2019-07-20,0.0,0.0
2019-07-21,0.0,0.0
2019-07-22,0.0,0.0
2019-07-23,0.0,19.966146
2019-07-24,0.0,24.052357
2019-07-25,0.0,27.242067
2019-07-26,75.02189916,25.329859
2019-07-27,24.96158184,83.04799
2019-07-28,49.23741098,71.229774
2019-07-29,137.1515581,64.667244
2019-07-30,101.6293014,53.162685
2019-07-31,9.367449139,36.21326
2019-08-01,0.370309389,5.4808326
2019-08-02,0.027430339,19.53816
2019-08-03,0.06857581,19.50771
2019-08-04,4.279128316,32.728214
2019-08-05,1.769252458,38.59648
2019-08-06,42.24267637,26.6276
2019-08-07,67.47856547,37.38953
2019-08-08,6.63813673,45.991596
2019-08-09,83.93675367,30.566763
2019-08-10,94.77172038,31.512642
2019-08-11,127.4137972,45.55865
2019-08-12,59.11231774,67.77323
2019-08-13,8.146803468,67.890816
2019-08-14,5.3214789,35.738895
2019-08-15,5.787795054,19.42896
2019-08-16,1.57724355,8.351432
2019-08-17,2.002410535,1.6292875
2019-08-18,2.043559704,3.0750856
2019-08-19,4.183123862,2.6537747
2019-08-20,0.69947269,2.534473
2019-08-21,0.0,1.3143178
2019-08-22,0.0,0.0
2019-08-23,0.0,0.4551668
2019-08-24,0.0,0.0
2019-08-25,0.0,0.0
2019-08-26,0.0,0.0
2019-08-27,0.0,0.0
2019-08-28,0.0,0.0
2019-08-29,0.0,0.0
2019-08-30,3.716807708,0.0
2019-08-31,5.170611456,0.9753475
2019-09-01,0.685758099,1.9123864
2019-09-02,0.0,1.6231455
2019-09-03,0.0,0.10699019
2019-09-04,0.0,0.0
2019-09-05,0.0,0.0
2019-09-06,0.0,0.0
2019-09-07,0.0,0.0
2019-09-08,0.0,0.0
2019-09-09,0.0,3.4514227
2019-09-10,0.0,2.3841631
2019-09-11,0.0,6.236594
2019-09-12,0.0,4.313592
2019-09-13,0.0,4.898388
2019-09-14,113.6986353,2.6905274
2019-09-15,7.323889435,39.785625
2019-09-16,2.825324568,41.07452
2019-09-17,5.458632523,126.62192
2019-09-18,0.562321379,126.54391
2019-09-19,0.096005995,79.854164
2019-09-20,13.26255193,39.280087
2019-09-21,3.785384519,47.2287
2019-09-22,0.411454705,15.819013
2019-09-23,0.0,8.496648
2019-09-24,0.0,20.615957
2019-09-25,0.0,24.686672
2019-09-26,0.0,20.579113
2019-09-27,0.0,14.255903
2019-09-28,0.0,8.795236
2019-09-29,0.0,5.382121
2019-09-30,0.0,5.376111
2019-10-01,0.0,4.4931173
2019-10-02,0.0,5.050015
2019-10-03,0.0,4.0522566
2019-10-04,152.2382255,13.051472
2019-10-05,189.2691489,63.722504
2019-10-06,3.881388973,78.39974
2019-10-07,6.789004174,37.578205
2019-10-08,6.569559919,32.618526
2019-10-09,2.057273525,24.516697
2019-10-10,0.329164072,15.060049
2019-10-11,0.0,4.979658
2019-10-12,0.0,6.396146
2019-10-13,0.0,5.5854454
2019-10-14,0.0,6.391248
2019-10-15,0.0,4.140227
2019-10-16,0.0,2.5951636
2019-10-17,0.0,3.7315602
2019-10-18,0.0,3.9606843
2019-10-19,0.0,1.7813213
2019-10-20,0.0,0.15626611
2019-10-21,0.0,0.0
2019-10-22,0.0,0.0
2019-10-23,0.0,0.0
2019-10-24,0.0,0.0
2019-10-25,0.0,0.0
2019-10-26,0.0,0.0
2019-10-27,0.0,0.06806907
2019-10-28,0.0,1.9994755
2019-10-29,0.0,0.0
2019-10-30,0.0,0.0
2019-10-31,0.0,0.0
2019-11-01,0.0,0.0
2019-11-02,0.0,0.62849486
2019-11-03,0.0,0.43048564
2019-11-04,0.0,2.3479524
2019-11-05,0.0,0.73198247
2019-11-06,0.0,0.0
2019-11-07,0.0,5.5048914
2019-11-08,0.0,6.085012
2019-11-09,0.0,1.4766759
2019-11-10,0.0,0.22090131
2019-11-11,0.0,0.0
2019-11-12,0.0,0.0
2019-11-13,0.0,0.0
2019-11-14,0.0,0.0
2019-11-15,0.0,0.0
2019-11-16,0.0,0.0
2019-11-17,0.0,0.0
2019-11-18,0.0,0.0
2019-11-19,0.0,0.0
2019-11-20,0.0,0.0
2019-11-21,2.551017322,0.0
2019-11-22,0.082290633,20.095613
2019-11-23,0.0,9.050488
2019-11-24,0.0,3.5125499
2019-11-25,0.0,0.9082929
2019-11-26,0.0,0.0
2019-11-27,0.0,0.32619897
2019-11-28,0.06857581,0.28565523
2019-11-29,1.810401627,0.42967305
2019-11-30,0.38402398,6.5979786
2019-12-01,0.301733348,0.827888
2019-12-02,2.496162037,2.000556
2019-12-03,0.836627854,7.305919
2019-12-04,0.06857581,8.046116
2019-12-05,0.0,5.311693
2019-12-06,0.0,3.2210283
2019-12-07,0.0,0.13547562
2019-12-08,0.0,0.0
2019-12-09,0.0,8.142265
2019-12-10,0.0,10.587169
2019-12-11,0.0,5.1002502
2019-12-12,0.0,2.267006
2019-12-13,0.0,2.1965134
2019-12-14,0.0,1.7257893
2019-12-15,0.0,0.33677632
2019-12-16,0.0,0.19699897
2019-12-17,0.0,0.49294505
2019-12-18,0.0,0.4734485
2019-12-19,0.0,0.0
2019-12-20,0.0,0.0
2019-12-21,0.0,0.0
2019-12-22,0.0,0.0
2019-12-23,0.0,0.0
2019-12-24,0.0,0.0
2019-12-25,0.0,2.4103796
2019-12-26,0.0,0.9716722
2019-12-27,0.0,0.0
2019-12-28,0.0,0.1631694
2019-12-29,0.0,0.26740474
2019-12-30,18.78976127,0.0
2019-12-31,19.20121443,8.777282
2020-01-01,0.0,10.848694
2020-01-02,0.0,0.30253047
2020-01-03,0.0,0.0
2020-01-04,0.0,0.0
2020-01-05,0.0,0.0
2020-01-06,0.0,0.7723601
2020-01-07,0.0,0.0
2020-01-08,0.0,0.0
2020-01-09,0.0,0.0
2020-01-10,0.0,0.0
2020-01-11,0.0,0.0
2020-01-12,0.0,0.0
2020-01-13,0.0,0.006214559
2020-01-14,0.0,0.22021884
2020-01-15,0.0,0.049111575
2020-01-16,0.0,0.48784783
2020-01-17,0.0,4.0370874
2020-01-18,0.0,3.9561992
2020-01-19,0.0,1.4446751
2020-01-20,0.0,0.69696796
2020-01-21,0.0,0.0
2020-01-22,0.0,6.770465
2020-01-23,0.0,6.3493514
2020-01-24,0.0,2.835493
2020-01-25,0.0,0.703573
2020-01-26,0.0,0.23217085
2020-01-27,0.0,0.0
2020-01-28,0.0,0.48202208
2020-01-29,0.0,0.0
2020-01-30,0.0,0.0
2020-01-31,0.0,0.0
2020-02-01,0.0,0.15773919
2020-02-02,0.0,0.27358627
2020-02-03,0.0,0.54292357
2020-02-04,0.0,0.0
2020-02-05,0.0,0.44740328
2020-02-06,0.0,0.0
2020-02-07,0.0,2.2180748
2020-02-08,0.0,1.69895
2020-02-09,0.0,1.690218
2020-02-10,0.0,0.47953543
2020-02-11,0.0,0.44709525
2020-02-12,0.0,2.044889
2020-02-13,0.0,0.0
2020-02-14,0.0,1.295381
2020-02-15,0.0,2.0427876
2020-02-16,0.0,2.7211065
2020-02-17,0.0,2.1578326
2020-02-18,0.0,0.84644127
2020-02-19,0.0,1.4318204
2020-02-20,0.0,0.51413536
2020-02-21,0.0,1.896811
2020-02-22,0.0,0.0
2020-02-23,0.0,6.259061
2020-02-24,0.0,10.226565
2020-02-25,0.0,3.3313015
2020-02-26,0.0,0.0
2020-02-27,0.0,1.06306
2020-02-28,0.0,0.6369566
2020-02-29,0.0,1.7832011
2020-03-01,0.0,1.7946268
2020-03-02,0.0,0.4492276
2020-03-03,0.0,0.22248247
2020-03-04,0.0,0.34577808
2020-03-05,0.0,0.28374624
2020-03-06,0.0,1.4899483
2020-03-07,0.0,1.1663308
2020-03-08,0.0,1.3271401
2020-03-09,0.0,1.3018892
2020-03-10,0.0,0.8492944
2020-03-11,0.0,4.4990544
2020-03-12,0.0,8.572842
2020-03-13,0.0,13.432973
2020-03-14,0.0,14.104571
2020-03-15,0.0,10.633634
2020-03-16,0.0,4.7903137
2020-03-17,0.0,3.3793874
2020-03-18,0.0,0.0
2020-03-19,0.0,4.791436
2020-03-20,0.0,7.812414
2020-03-21,0.0,7.8304157
2020-03-22,0.0,4.152907
2020-03-23,0.0,3.4477694
2020-03-24,0.0,1.9201823
2020-03-25,0.0,2.1942155
2020-03-26,0.0,2.2601328
2020-03-27,0.0,0.0
2020-03-28,0.0,0.0
2020-03-29,0.0,1.3583884
2020-03-30,0.0,1.3222668
2020-03-31,0.0,1.3359998
2020-04-01,0.0,2.9320269
2020-04-02,0.0,2.086823
2020-04-03,0.0,1.3647461
2020-04-04,0.0,1.3731003
2020-04-05,0.0,1.2898641
2020-04-06,0.0,0.96583104
2020-04-07,0.0,1.0864649
2020-04-08,0.0,1.2010145
2020-04-09,0.0,1.9834952
2020-04-10,0.0,0.3981691
2020-04-11,0.0,0.6381885
2020-04-12,0.0,0.0
2020-04-13,0.0,0.0
2020-04-14,0.0,5.062887
2020-04-15,0.0,7.4362946
2020-04-16,0.0,4.367362
2020-04-17,0.0,2.1030114
2020-04-18,0.0,1.2653332
2020-04-19,0.0,1.449907
2020-04-20,0.0,2.1993177
2020-04-21,0.0,2.2085824
2020-04-22,0.0,2.0335708
2020-04-23,0.0,2.0862052
2020-04-24,0.0,2.8952746
2020-04-25,0.0,2.6428719
2020-04-26,0.0,3.223557
2020-04-27,0.0,3.6002233
2020-04-28,0.0,2.535775
2020-04-29,0.0,0.9152647
2020-04-30,0.0,1.7115202
2020-05-01,0.0,0.5414976
2020-05-02,0.0,0.0
2020-05-03,0.0,0.0
2020-05-04,0.0,0.67046916
2020-05-05,0.0,0.7091738
2020-05-06,0.0,1.6916256
2020-05-07,0.0,2.643405
2020-05-08,0.0,0.0
2020-05-09,0.0,1.12195
2020-05-10,0.0,2.3340137
2020-05-11,0.0,3.9433258
2020-05-12,0.0,6.559697
2020-05-13,0.0,5.7350907
2020-05-14,0.0,3.5982842
2020-05-15,0.0,3.0921755
2020-05-16,0.0,2.183051
2020-05-17,0.0,2.249134
2020-05-18,0.0,0.82532084
2020-05-19,0.0,0.0
2020-05-20,0.0,0.0
2020-05-21,0.0,0.0
2020-05-22,0.0,1.3031733
2020-05-23,0.0,2.603743
2020-05-24,0.0,2.7212808
2020-05-25,0.0,2.1473184
2020-05-26,0.0,2.3981113
2020-05-27,0.0,3.3700068
2020-05-28,0.0,0.48442385
2020-05-29,0.0,0.0
2020-05-30,0.0,0.0
2020-05-31,0.0,0.0
2020-06-01,0.0,2.1753225
2020-06-02,0.0,10.514026
2020-06-03,0.0,10.75032
2020-06-04,0.0,3.4615016
2020-06-05,0.0,0.0
2020-06-06,0.0,0.0
2020-06-07,0.0,0.0
2020-06-08,0.0,0.0
2020-06-09,0.0,0.0
2020-06-10,0.0,1.0418448
2020-06-11,0.0,2.7745247
2020-06-12,0.0,1.2740191
2020-06-13,0.0,0.0
2020-06-14,0.0,8.448375
2020-06-15,0.0,5.3445187
2020-06-16,0.0,0.0
2020-06-17,0.0,0.0
2020-06-18,0.0,0.0
2020-06-19,0.0,0.0
2020-06-20,0.0,0.0
2020-06-21,0.0,0.0
2020-06-22,0.0,0.0
2020-06-23,0.0,0.0
2020-06-24,0.0,0.0
2020-06-25,0.0,0.0
2020-06-26,0.0,0.4534727
2020-06-27,0.0,0.0
2020-06-28,0.0,0.0
2020-06-29,0.0,0.0
2020-06-30,0.0,0.0
2020-07-01,0.0,0.0
2020-07-02,0.0,0.0
2020-07-03,0.0,0.0
2020-07-04,0.0,0.0
2020-07-05,0.0,0.0
2020-07-06,0.0,0.0
2020-07-07,0.0,0.22728865
2020-07-08,0.0,0.44346446
2020-07-09,0.0,0.3949399
2020-07-10,0.0,0.46732065
2020-07-11,0.0,0.46099523
2020-07-12,0.0,0.40392664
2020-07-13,0.0,0.29181555
2020-07-14,0.0,1.9520888
2020-07-15,0.0,0.0
2020-07-16,0.0,0.0
2020-07-17,0.0,5.67946
2020-07-18,0.0,5.74174
2020-07-19,0.0,0.60180163
2020-07-20,0.0,0.0
2020-07-21,0.0,0.3659337
2020-07-22,0.0,10.158992
2020-07-23,0.0,26.096373
2020-07-24,0.0,40.30425
2020-07-25,0.0,126.582306
2020-07-26,0.0,157.80417
2020-07-27,0.0,122.1761
2020-07-28,0.0,146.60674
2020-07-29,0.0,144.98123
2020-07-30,0.0,83.11825
2020-07-31,0.0,32.410778
2020-08-01,0.0,15.573513
2020-08-02,0.0,7.9983416
2020-08-03,0.0,6.781666
2020-08-04,0.0,4.434708
2020-08-05,0.0,2.096214
2020-08-06,0.0,2.9441364
2020-08-07,0.0,1.2121706
2020-08-08,0.0,0.7436645
2020-08-09,0.0,0.16683246
2020-08-10,0.0,0.0
2020-08-11,0.0,0.0
2020-08-12,0.0,0.0
2020-08-13,0.0,0.0
2020-08-14,0.0,0.0
2020-08-15,0.0,0.0
2020-08-16,0.0,0.0
2020-08-17,0.0,0.0
2020-08-18,0.0,0.0
2020-08-19,0.0,0.0
2020-08-20,0.0,0.0
2020-08-21,0.0,0.0
2020-08-22,0.0,0.0
2020-08-23,0.0,0.0
2020-08-24,0.0,0.0
2020-08-25,0.0,0.28622892
2020-08-26,0.0,3.9191027
2020-08-27,0.0,7.8675594
2020-08-28,0.0,4.289963
2020-08-29,0.0,9.180521
2020-08-30,0.0,6.4295254
2020-08-31,0.0,0.5429969
2020-09-01,0.0,1.0495846
2020-09-02,0.0,4.4674067
2020-09-03,0.0,3.3613281
2020-09-04,0.0,0.0
2020-09-05,0.0,0.0
2020-09-06,0.0,0.0
2020-09-07,0.0,0.13378105
2020-09-08,0.0,2.0358977
2020-09-09,0.0,31.043821
2020-09-10,0.0,34.17036
2020-09-11,0.0,97.2091
2020-09-12,0.0,66.36663
2020-09-13,0.0,39.55696
2020-09-14,0.0,20.279175
2020-09-15,0.0,10.047212
2020-09-16,0.0,3.9827209
2020-09-17,0.0,1.2980657
2020-09-18,0.0,0.0
2020-09-19,0.0,0.47152287
2020-09-20,0.0,0.68114436
2020-09-21,0.0,0.33486798
2020-09-22,0.0,0.0
2020-09-23,0.0,0.0
2020-09-24,0.0,0.0
2020-09-25,0.0,0.0
2020-09-26,0.0,0.0
2020-09-27,0.0,0.0
2020-09-28,0.0,0.0
2020-09-29,0.0,0.0
2020-09-30,0.0,1.3349439
2020-10-01,0.0,1.3588753
2020-10-02,0.0,1.1819246
2020-10-03,0.0,0.47459754
2020-10-04,0.0,1.2348999
2020-10-05,0.0,1.1358204
2020-10-06,0.0,0.8174709
2020-10-07,0.0,0.80269206
2020-10-08,0.0,0.7218509
2020-10-09,0.0,0.6095729
2020-10-10,0.0,0.23169008
2020-10-11,0.0,0.61864066
2020-10-12,0.0,0.69906783
2020-10-13,0.0,1.2685016
2020-10-14,0.0,1.7957647
2020-10-15,0.0,0.9984325
2020-10-16,0.0,0.24907303
2020-10-17,0.0,0.8837997
2020-10-18,0.0,1.3599412
2020-10-19,0.0,1.4288564
2020-10-20,0.0,1.1303091
2020-10-21,0.0,1.4051435
2020-10-22,0.0,1.3705871
2020-10-23,0.0,1.1772169
2020-10-24,0.0,1.7531097
2020-10-25,0.0,0.0
2020-10-26,0.0,0.20216638
2020-10-27,0.0,0.20217007
2020-10-28,0.0,5.261078
2020-10-29,0.0,32.304474
2020-10-30,0.0,15.98923
2020-10-31,0.0,11.4876
2020-11-01,0.0,5.979579
2020-11-02,0.0,2.8027554
2020-11-03,0.0,2.0518508
2020-11-04,0.0,1.3534279
2020-11-05,0.0,1.1889029
2020-11-06,0.0,1.3489144
2020-11-07,0.0,0.07249224
2020-11-08,0.0,5.619431
2020-11-09,0.0,4.756971
2020-11-10,0.0,2.6266217
2020-11-11,0.0,0.9216877
2020-11-12,0.0,0.03287366
2020-11-13,0.0,0.44243982
2020-11-14,0.0,0.019770607
2020-11-15,0.0,0.0
2020-11-16,0.0,0.014346138
2020-11-17,0.0,0.0
2020-11-18,0.0,0.6002412
2020-11-19,0.0,0.9906831
2020-11-20,0.0,0.6553683
2020-11-21,0.0,0.80801606
2020-11-22,0.0,0.0
2020-11-23,0.0,0.7667414
2020-11-24,0.0,0.0
2020-11-25,0.0,0.0
2020-11-26,0.0,0.0
2020-11-27,0.0,0.0
2020-11-28,0.0,1.0677421
2020-11-29,0.0,0.0
2020-11-30,0.0,0.0
2020-12-01,0.0,0.0
2020-12-02,0.0,0.22003588
2020-12-03,0.0,0.0
2020-12-04,0.0,0.0
2020-12-05,0.0,0.0
2020-12-06,0.0,0.0
2020-12-07,0.0,0.0
2020-12-08,0.0,0.0
2020-12-09,0.0,0.0
2020-12-10,0.0,0.2071026
2020-12-11,0.0,3.7286906
2020-12-12,0.0,1.6356114
2020-12-13,0.0,0.0
2020-12-14,0.0,0.0
2020-12-15,0.0,0.0
2020-12-16,0.0,0.0
2020-12-17,0.0,0.0
2020-12-18,0.0,0.0
2020-12-19,0.0,0.0
2020-12-20,0.0,0.0
2020-12-21,0.0,0.0
2020-12-22,0.0,0.0
2020-12-23,0.0,0.0
2020-12-24,0.0,0.20139502
2020-12-25,0.0,0.0
2020-12-26,0.0,0.0
2020-12-27,0.0,0.0
2020-12-28,0.0,0.7106961
2020-12-29,0.0,0.0
2020-12-30,0.0,0.0
